id,text_no_spaces,predicted_positions,predicted_text
0,куплюайфон14про,"[5, 11, 14]",куплю айфон1 4пр о
1,ищудомвПодмосковье,"[3, 7, 9]",ищу домв По дмосковье
2,сдаюквартирусмебельюитехникой,"[4, 13, 15, 23, 25]",сдаю квартирус ме бельюите хн икой
3,новыйдивандоставканедорого,"[5, 11, 20]",новый диванд оставкане дорого
4,отдамдаромкошку,"[2, 6, 12]",от дамд аромко шку
5,работавМосквеудаленно,"[6, 8, 15]",работа вМ осквеуд аленно
6,куплютелевизорPhilips,[15],куплютелевизорP hilips
7,ищугрузчиковдляпереезда,"[3, 13, 17]",ищу грузчиковд ляпе реезда
8,ремонтквартирподключ,"[6, 14]",ремонт квартирп одключ
9,куплюноутбукHP,"[7, 13]",куплюно утбукH P
10,ищуквартирууметро,"[3, 12, 14]",ищу квартируу ме тро
11,новаямикроволновкаSamsung,[5],новая микроволновкаSamsung
12,срочнопродамвелосипед,"[6, 13]",срочно продамв елосипед
13,куплюгитаруFender,[12],куплюгитаруF ender
14,ищурепетиторапобиологии,"[3, 14]",ищу репетиторап обиологии
15,сдаюгаражнадлительныйсрок,"[4, 10, 24]",сдаю гаражн адлительныйсро к
16,куплюдиванбу,[],куплюдиванбу
17,ищумастерапоремонтухолодильников,"[3, 11, 14, 21]",ищу мастерап оре монтухо лодильников
18,новыйшкафдоставкасегодня,"[5, 10, 19]",новый шкафд оставкасе годня
19,куплюXboxOne,[5],куплю XboxOne
20,ищуподработкуповечерам,"[3, 14]",ищу подработкуп овечерам
21,сдамкомнатустудентке,"[1, 5, 13]",с дамк омнатуст удентке
22,куплюстаруюкнигу,"[5, 12]",куплю старуюк нигу
23,ищусобакулабрадор,[3],ищу собакулабрадор
24,новыйтелефонXiaomi13,"[5, 13]",новый телефонX iaomi13
25,куплюPlaystation5диск,[5],куплю Playstation5диск
26,ищукомнатувцентрегорода,"[3, 11, 13, 20]",ищу комнатув це нтрегор ода
27,срочнонужнаняняребенку,"[6, 10, 16, 18]",срочно нужн аняняр еб енку
28,куплюстиральнуюмашинуIndesit,"[15, 16, 22, 23]",куплюстиральную м ашинуI n desit
29,ищудетскуюкроваткубу,"[3, 11, 18]",ищу детскуюк роватку бу
30,новаякурткадоставка,"[5, 12]",новая курткад оставка
31,куплювелосипедMerida,[5],куплю велосипедMerida
32,ищуврачаофтальмолога,"[2, 9, 16]",ищ уврачао фтальмо лога
33,сдаюквартирувцентреМосквы,"[4, 13, 15, 22]",сдаю квартирув це нтреМос квы
34,куплюхолодильникSamsung,"[5, 17]",куплю холодильникS amsung
35,ищукошкубританскую,"[3, 9]",ищу кошкуб ританскую
36,новыйноутбукдоставказавтра,"[5, 13, 22]",новый ноутбукд оставказа втра
37,куплюшкафбу,[5],куплю шкафбу
38,ищурепетиторапоистории,"[3, 14, 17]",ищу репетиторап оис тории
39,сдаюкомнатубезпосредников,"[4, 12, 16]",сдаю комнатуб езпо средников
40,куплютелевизорLGOLED,[],куплютелевизорLGOLED
41,ищуквартирунедорогосрочно,"[3, 12, 21]",ищу квартирун едорогоср очно
42,новыйайфондоставка,"[5, 11]",новый айфонд оставка
43,куплюгитаруYamaha,"[5, 12]",куплю гитаруY amaha
44,ищустудиюуметро,"[3, 10, 12]",ищу студиюу ме тро
45,сдамквартирумолодоженам,"[1, 5, 14]",с дамк вартирумо лодоженам
46,куплюкомпьютеригровой,"[5, 15]",куплю компьютери гровой
47,ищуработуповаромвкафе,"[3, 10, 18, 20]",ищу работуп оваромвк аф е
48,новыйдиванIkea,[5],новый диванIkea
49,куплюстарыйноутбук,"[5, 12]",куплю старыйн оутбук
50,ищусобакудобермана,"[3, 10]",ищу собакуд обермана
51,срочносдаюкомнату,"[6, 8, 12]",срочно сд аюко мнату
52,куплюмониторLG,"[6, 13]",куплюм ониторL G
53,ищумастерапосантехнике,"[3, 11, 14, 16]",ищу мастерап оса нт ехнике
54,новыйстолдоставка,"[5, 10]",новый столд оставка
55,куплюайфон13мини,"[5, 11, 14]",куплю айфон1 3ми ни
56,ищудевушкудляотношений,"[3, 11, 15]",ищу девушкуд ляот ношений
57,сдаюдачуналето,[9],сдаюдачун алето
58,куплюстиральнуюмашинуLG,"[5, 16, 22]",куплю стиральнуюм ашинуL G
59,ищуучителяанглийскогоязыка,"[3, 11, 23]",ищу учителяа нглийскогояз ыка
60,новыйноутбукAsus,"[5, 13]",новый ноутбукA sus
61,куплюматрасортопедический,[7],куплюма трасортопедический
62,ищукомнатунадлительныйсрок,"[3, 11, 24, 25]",ищу комнатун адлительныйср о к
63,сдамквартирубеззалога,"[1, 5, 14, 18]",с дамк вартирубе ззал ога
64,куплюхолодильникAtlant,"[5, 17]",куплю холодильникA tlant
65,ищусобакушпица,[3],ищу собакушпица
66,новаястиральнаямашинадоставка,"[5, 16, 23]",новая стиральнаям ашинадо ставка
67,куплютелевизорSony,[5],куплю телевизорSony
68,ищурепетиторапогеографии,"[3, 14, 17]",ищу репетиторап оге ографии
69,сдаюкомнатусмебелью,"[4, 12, 14]",сдаю комнатус ме белью
70,куплюпылесосDyson,"[5, 7, 13]",куплю пы лесосD yson
71,ищуработуофицианткой,"[3, 10]",ищу работуо фицианткой
72,новыйшкафкупе,"[5, 10]",новый шкафк упе
73,куплюдиванугловой,[11],куплюдивану гловой
74,ищуквартирунадлительныйсрок,"[3, 12, 25]",ищу квартирун адлительныйср ок
75,сдамгаражваренду,"[1, 5, 11, 13]",с дамг аражва ре нду
76,куплювелосипедStels,"[5, 15]",куплю велосипедS tels
77,ищуврачапедиатра,"[2, 3, 9]",ищ у врачап едиатра
78,новыйтелефонOppo,"[5, 13]",новый телефонO ppo
79,куплюмикроволновкуSamsung,"[7, 19]",куплюми кроволновкуS amsung
80,ищукомнатудлядевушки,"[3, 11, 15]",ищу комнатуд ляде вушки
81,срочнопродамшкаф,"[6, 13]",срочно продамш каф
82,куплюPlaystation4slim,[5],куплю Playstation4slim
83,ищусобакунемецкуюовчарку,"[3, 10, 19, 21]",ищу собакун емецкуюов ча рку
84,новаякуртказима,[5],новая куртказима
85,куплютелефонHonor,"[5, 13]",куплю телефонH onor
86,ищуподругудляпрогулок,"[3, 11, 15]",ищу подругуд ляпр огулок
87,сдаюквартирусемье,"[4, 13]",сдаю квартирус емье
88,куплютелевизорToshiba,[15],куплютелевизорT oshiba
89,ищумастерапоремонтустиралок,"[3, 11, 14, 22]",ищу мастерап оре монтусти ралок
90,новыйдивансерый,[5],новый дивансерый
91,куплюкомодбу,[5],куплю комодбу
92,ищуучителяпоматематике,"[3, 11, 14]",ищу учителяп ома тематике
93,сдамквартирустудентам,"[1, 5, 14]",с дамк вартируст удентам
94,куплювелосипедбу,[5],куплю велосипедбу
95,ищустудиюнамесяц,"[2, 3, 10, 13]",ищ у студиюн аме сяц
96,новаямикроволновкадоставка,"[5, 19]",новая микроволновкад оставка
97,ищуработунавыходные,"[3, 10, 13]",ищу работун авы ходные
98,куплютелефонHuawei,"[5, 13]",куплю телефонH uawei
99,"продамшкаф,почтиновый,сзеркалами","[6, 12, 18, 25, 27]","продам шкаф,п очтино вый,сзе рк алами"
100,"ищукнигубратьякарамазовы,срочно","[3, 7, 16, 28]","ищу книг убратьяка рамазовы,сро чно"
101,"новыймонитор,27дюймов,доставка","[5, 14, 17, 25]","новый монитор,2 7дю ймов,дос тавка"
102,"куплюковрикдляйоги,недорого!","[5, 12, 16, 18, 23]","куплю коврикд ляйо ги ,недо рого!"
103,"ищуинструкторапоплаванию,бассейнрядом","[3, 15, 18, 28, 36]","ищу инструкторап опл аванию,бас сейнрядо м"
104,"сдамкомнату,толькодевушке","[1, 5, 14, 21]","с дамк омнату,то лькодев ушке"
105,"куплюшвейнуюмашинку,рабочую","[5, 13, 22]","куплю швейнуюм ашинку,ра бочую"
106,"ищудрузейдляпутешествий,летомвгоры","[3, 10, 14, 27, 33]","ищу друзейд ляпу тешествий,лет омвгор ы"
107,"новаякофеваркаPhilips,гарантияесть","[5, 15, 24]","новая кофеваркаP hilips,га рантияесть"
108,"куплюлыжи,палкивкомплекте","[5, 11, 17, 19]","куплю лыжи,п алкивк ом плекте"
109,"ищуучителяповокалу,джаз","[3, 11, 14, 22]","ищу учителяп ово калу,джа з"
110,"сдамместовгараже,сухо","[1, 5, 11, 13]","с дамм естовг ар аже,сухо"
111,"куплюдетскийвелосипед,длядевочки","[12, 23, 27]","куплюдетский велосипед,д ляде вочки"
112,"ищупекарявкафе,утро","[3, 10, 12, 18]","ищу пекаряв ка фе,утр о"
113,"новаястиралкаBosch,привезусам","[5, 14, 21]","новая стиралкаB osch,пр ивезусам"
114,"куплюстолписьменный,белый","[5, 21]","куплю столписьменный,б елый"
115,"ищупрограммистанапроект,срочно!","[3, 16, 19, 27]","ищу программистан апр оект,сро чно!"
116,"сдамстудиюпосуточно,метрорядом","[1, 5, 12, 23]","с дамс тудиюпо суточно,мет рорядом"
117,"куплюсковородучугунную,диаметр28","[15, 25]","куплюсковородуч угунную,ди аметр28"
118,"ищурепетиторапобиологии,ЕГЭ","[3, 14, 26]","ищу репетиторап обиологии,ЕГ Э"
119,"новаягазоваяплита,привезёмбыстро","[5, 13, 20, 29]","новая газоваяп лита,пр ивезёмбыс тро"
120,"куплюмашинуВАЗбу,находу","[5, 12, 14, 20]","куплю машинуВ АЗ бу,нах оду"
121,"ищустоликдляноутбука,складной","[2, 3, 10, 14, 24]","ищ у столикд ляно утбука,скл адной"
122,"сдамквартирунаночь,чисто","[1, 5, 14, 17, 23]","с дамк вартируна ноч ь,чист о"
123,"куплюшкаф-купе,трёхдверный","[5, 16, 21]","куплю шкаф-купе,т рёхдв ерный"
124,"ищукостюмнасвадьбу,мужской","[3, 10, 13, 22]","ищу костюмн асв адьбу,муж ской"
125,"новыйпылесосSamsung,коробкаесть","[5, 10, 13, 14, 24]","новый пылес осS a msung,коро бкаесть"
126,"куплюрюкзактуристический,70литров","[8, 26, 29]","куплюрюк зактуристический,7 0ли тров"
127,ищуучителяпошахматам,"[3, 11, 14]",ищу учителяп оша хматам
128,"сдампарковкувцентре,охрана","[1, 5, 14, 16, 24]","с дамп арковкувц ен тре,охра на"
129,"куплюкроссовкиAdidas,оригинал","[6, 15, 24]","куплюк россовкиA didas,ори гинал"
130,"ищустолярныеуслуги,недорого","[3, 13, 21]","ищу столярныеу слуги,не дорого"
131,"новыйтелевизорLG,гарантия2года","[5, 15, 19, 28]","новый телевизорL G,га рантия2го да"
132,"куплювазудляцветов,стеклянную","[5, 10, 14, 22]","куплю вазуд ляцв етов,сте клянную"
133,ищууборщицунавыходные,"[3, 12, 15]",ищу уборщицун авы ходные
134,"сдамофис,20квадратов","[4, 10, 13]","сдам офис,2 0кв адратов"
135,"куплюконькиженские,размер37","[5, 12, 21]","куплю конькиж енские,ра змер37"
136,ищупереводчикасанглийского,"[3, 15, 17]",ищу переводчикас ан глийского
137,"новыйутюгPhilips,гарантия","[5, 10]","новый утюгP hilips,гарантия"
138,"куплюнаушники,беспроводные","[5, 15]","куплю наушники,б еспроводные"
139,"ищуплиточника,ремонтванной","[3, 15, 22]","ищу плиточника,р емонтва нной"
140,"сдамгараж,ключинаруках","[1, 5, 12, 20]","с дамг араж,кл ючинарук ах"
141,"куплюноутбук,недорого,срочно","[7, 14, 24]","куплюно утбук,н едорого,ср очно"
142,ищугрузчиковназавтра,"[3, 13]",ищу грузчиковн азавтра
143,"новыйроутерXiaomi,вайфай6","[5, 12]","новый роутерX iaomi,вайфай6"
144,"куплюколонки5.1,мощные","[5, 13, 18]","куплю колонки5 .1,мо щные"
145,"ищуэлектрика,розеткиискрят!","[3, 14, 22, 24]","ищу электрика,р озеткиис кр ят!"
146,"сдамдачунанеделю,естьбаня","[1, 5, 10, 13, 21]","с дамд ачуна нед елю,есть баня"
147,"куплюмиксеркухонный,брендовый","[7, 9, 22]","куплюми кс еркухонный,бр ендовый"
148,ищуфотографанамероприятие,"[3, 13]",ищу фотографан амероприятие
149,новаямультиваркаRedmond,[5],новая мультиваркаRedmond
150,"куплючайникэлектрический,новый","[11, 26]","куплючайник электрический,н овый"
151,"ищупылесос,моющий","[3, 8, 13]","ищу пылес ос,мо ющий"
152,"сдамкладовку,центргорода","[1, 5, 15, 21]","с дамк ладовку,це нтргор ода"
153,куплюкамерувидеонаблюдения,"[5, 12]",куплю камерув идеонаблюдения
154,"ищуняню,графикгибкий","[2, 9, 16]","ищ уняню,г рафикги бкий"
155,"новыйсмартфон,запечатанный","[5, 15]","новый смартфон,з апечатанный"
156,куплючемоданнаколёсах,"[8, 13, 16]",куплючем оданн ако лёсах
157,ищупарикмахеранадом,"[3, 9, 16]",ищу парикм ахерана дом
158,"сдамсклад,50метров","[1, 5, 12, 15]","с дамс клад,50 мет ров"
159,"куплюпроектор,дляфильмов","[5, 15, 19]","куплю проектор,д ляфи льмов"
160,ищугитариставгруппу,"[3, 13, 15]",ищу гитаристав гр уппу
161,новыйкухонныйкомбайн,"[5, 14]",новый кухонныйк омбайн
162,"куплюдиван,тканьсерая","[11, 17]","куплюдиван, тканьс ерая"
163,ищуплитуэлектрическую,"[3, 9]",ищу плитуэ лектрическую
164,"сдамстудиювцентре,уютная","[1, 5, 12, 14, 22]","с дамс тудиювц ен тре,уютн ая"
165,куплюмясорубкуручную,"[7, 15]",куплюмя сорубкур учную
166,ищушеф-поваравресторан,"[3, 14, 16]",ищу шеф-поварав ре сторан
167,новыйматрасортопедический,"[5, 11]",новый матрас ортопедический
168,"куплютренажёр,вело","[5, 15]","куплю тренажёр,в ело"
169,"ищуадвоката,консультация","[3, 13]","ищу адвоката,к онсультация"
170,"сдамофис,арендапомесячно","[4, 10, 17]","сдам офис,а рендапо месячно"
171,куплюкартинумаслом,"[5, 13]",куплю картинум аслом
172,ищубухгалтеранаполставки,"[3, 14, 17]",ищу бухгалтеран апо лставки
173,новаяпечьмикроволновая,"[5, 10]",новая печьм икроволновая
174,куплюлодкурезиновую,"[5, 11]",куплю лодкур езиновую
175,"ищулогопеда,занятиядома","[3, 13, 21, 22]","ищу логопеда,з анятиядо м а"
176,"сдамквартиру,ремонтсвежий","[1, 5, 15, 22]","с дамк вартиру,ре монтсве жий"
177,"ищумебельщика,кухняподзаказ","[3, 15, 21, 25]","ищу мебельщика,к ухняпо дзак аз"
178,новыйкулердляводы,"[5, 11, 15]",новый кулерд ляво ды
179,куплюстолскладной,"[5, 10]",куплю столс кладной
180,"ищуводителя,ночныесмены","[3, 13, 20]","ищу водителя,н очныесм ены"
181,"сдамквартиру,толькорусским","[1, 5, 15, 22]","с дамк вартиру,то лькорус ским"
182,куплюплатьевечернее,"[5, 12]",куплю платьев ечернее
183,"ищухирурга,консультациясрочно","[3, 12, 25]","ищу хирурга,к онсультацияср очно"
184,новыйфильтрдляводы,"[5, 12, 16]",новый фильтрд ляво ды
185,куплюкреслоофисное,"[5, 12]",куплю креслоо фисное
186,ищумассажистанадом,[3],ищу массажистанадом
187,сдампомещениеподсклад,"[1, 5, 15, 19]",с дамп омещениепо дскл ад
188,куплютелефонOppo,"[5, 13]",куплю телефонO ppo
189,"ищупсихолога,опытобязателен","[3, 14, 19]","ищу психолога,о пытоб язателен"
190,новаяколонкаJBL,[5],новая колонкаJBL
191,куплюджинсыLevi’s,"[5, 12]",куплю джинсыL evi’s
192,"ищудомработницу,центр","[3, 7, 18]","ищу домр аботницу,це нтр"
193,"сдамдом,участок6соток","[1, 5, 10, 18, 20]","с дамд ом,уч асток6со то к"
194,куплюконструкторLego,"[5, 17]",куплю конструкторL ego
195,ищухудожникадляпортрета,"[3, 13, 17]",ищу художникад ляпо ртрета
196,"новыйблендер,гарантия","[5, 14]","новый блендер,г арантия"
197,"куплювидеокамеру,недорого","[5, 11, 19]","куплю видеок амеру,не дорого"
198,ищурепетиторапохимии,"[3, 14]",ищу репетиторап охимии
199,"сдамдачу,лесрядом","[1, 5, 11]","с дамд ачу,ле срядом"
200,куплюзимниешины,[11],куплюзимние шины
201,ищугидапоМоскве,"[3, 8, 11]",ищу гидап оМо скве
202,новаялюстрапотолочная,"[5, 12]",новая люстрап отолочная
203,"куплюковёр,шерстяной",[11],"куплюковёр, шерстяной"
204,ищуарендугаража,"[3, 10]",ищу арендуг аража
205,сдамквартирусбалконом,"[1, 5, 14, 16]",с дамк вартирусб ал коном
206,куплюудочкудлярыбалки,"[5, 12, 16]",куплю удочкуд ляры балки
207,"ищукомпозитора,музыка","[3, 16]","ищу композитора,м узыка"
208,"новыйтостер,черный","[5, 13]","новый тостер,ч ерный"
209,куплюстоловыеприборы,"[5, 14]",куплю столовыеп риборы
210,ищуинженерапоремонту,"[3, 12, 15]",ищу инженерап оре монту
211,"сдампарковку,центр","[1, 5, 15]","с дамп арковку,це нтр"
212,куплюрезинузимнюю,"[5, 12]",куплю резинуз имнюю
213,ищуактерадлясъемок,"[3, 10, 14]",ищу актерад лясъ емок
214,новаяплитаэлектрическая,"[5, 11]",новая плитаэ лектрическая
215,куплювидеокартуRTX,"[5, 16]",куплю видеокартуR TX
216,"ищуюриста,оформлениедоговора","[3, 11, 22]","ищу юриста,о формлениедо говора"
217,"сдамсклад,сухоепомещение","[1, 5, 12, 18]","с дамс клад,су хоепом ещение"
218,куплюкомодбелый,[8],куплюком одбелый
219,"ищуплиточника,срочно","[3, 15]","ищу плиточника,с рочно"
220,новаялампанастольная,"[5, 13]",новая лампанас тольная
221,"куплюскейтборд,новый","[8, 16]","куплюске йтборд,н овый"
222,сдамкомнатусремонтом,"[1, 5, 13]",с дамк омнатуср емонтом
223,куплюроутерTP-Link,"[7, 12]",куплюро утерT P-Link
224,ищупарнядлясъёмок,"[3, 9, 13]",ищу парняд лясъ ёмок
225,"новыйковёр,мягкий","[5, 12]","новый ковёр,м ягкий"
226,куплючасыCasio,[9],куплючасы Casio
227,ищупоставщикаовощей,"[3, 14]",ищу поставщикао вощей
228,"сдамстудию,центргорода","[1, 5, 13, 19]","с дамс тудию,це нтргор ода"
229,куплюпылесосмоющий,"[5, 7, 10]",куплю пы лес осмоющий
230,ищудизайнераинтерьера,"[3, 13]",ищу дизайнераи нтерьера
231,"новыйхолодильник,белый","[5, 18]","новый холодильник,б елый"
232,"ищуняню,полныйдень","[2, 9, 16]","ищ уняню,п олныйде нь"
233,сдамквартирустехникой,"[1, 5, 14]",с дамк вартируст ехникой
234,куплюплитугазовую,"[5, 11]",куплю плитуг азовую
235,ищуврачакардиолога,"[2, 3, 9]",ищ у врачак ардиолога
236,новыйчайникэлектрический,"[5, 12]",новый чайникэ лектрический
237,куплюстульядеревянные,[5],куплю стульядеревянные
238,ищуповаравкафе,"[3, 10, 12]",ищу поварав ка фе
239,сдамдомнамесяц,"[1, 5, 9, 12]",с дамд омна мес яц
240,куплюавтомобильбу,[5],куплю автомобильбу
241,ищупрограммистаpython,"[3, 16]",ищу программистаp ython
242,новаяпосудомойкаBosch,"[5, 8, 16]",новая пос удомойка Bosch
243,куплюкамеруCanon,"[5, 12]",куплю камеруC anon
244,ищуработубариста,"[3, 10]",ищу работуб ариста
245,"сдамстудию,срочно","[1, 5, 13]","с дамс тудию,ср очно"
246,куплюайфон15про,"[5, 11, 14]",куплю айфон1 5пр о
247,сдамквартирувцентре,"[1, 5, 14, 16]",с дамк вартирувц ен тре
248,ищуработупрограммистом,"[3, 10]",ищу работуп рограммистом
249,новаямебельвналичии,"[5, 12, 14]",новая мебельв на личии
250,куплютелевизорSamsung,[],куплютелевизорSamsung
251,ищутаксидоаэропорта,"[3, 9, 12]",ищу таксид оаэ ропорта
252,срочноотдамкотенка,"[6, 12]",срочно отдамк отенка
253,куплюхолодильникбу,"[5, 17]",куплю холодильникб у
254,сдаюдачусбаней,"[9, 11]",сдаюдачус ба ней
255,куплювелосипедновый,"[5, 15]",куплю велосипедн овый
256,ищустудиюбезмебели,"[2, 3, 10, 14]",ищ у студиюб езме бели
257,сдамкомнатунамесяц,"[1, 5, 13, 16]",с дамк омнатуна мес яц
258,куплюмониторSamsung,[13],куплюмониторS amsung
259,ищусобакухаски,"[3, 9]",ищу собаку хаски
260,новаякурткадоставказавтра,"[5, 12, 21]",новая курткад оставказа втра
261,куплютелевизорLG,[10],куплютелев изорLG
262,ищуучителяиспанского,"[3, 11]",ищу учителяи спанского
263,сдамгаражсрочно,"[1, 5, 11]",с дамг аражср очно
264,куплюноутбукLenovo,"[7, 13]",куплюно утбукL enovo
265,ищуквартирупосуточно,"[3, 12]",ищу квартируп осуточно
266,новыйстолистулья,"[5, 11]",новый столис тулья
267,куплютелефонPixel,"[5, 13]",куплю телефонP ixel
268,ищуврачастоматолога,"[3, 9, 15]",ищу врачас томато лога
269,сдаюофисваренду,"[4, 5]",сдаю о фисваренду
270,куплюгитаруGibson,"[7, 12]",куплюги таруG ibson
271,ищуработукурьером,"[3, 10]",ищу работук урьером
272,новыйноутбукMSI,"[5, 13]",новый ноутбукM SI
273,куплюмикроволновкуLG,[7],куплюми кроволновкуLG
274,ищудевушкудляпрогулок,"[3, 11, 15]",ищу девушкуд ляпр огулок
275,сдамскладнедорого,"[1, 5]",с дамс кладнедорого
276,куплюайпадбу,[5],куплю айпадбу
277,ищусобакутаксу,"[3, 10]",ищу собакут аксу
278,куплюкомпьютерMac,"[5, 15]",куплю компьютерM ac
279,ищурепетиторапофизике,"[3, 14, 17]",ищу репетиторап офи зике
280,сдамквартирупосуточно,"[1, 5, 14]",с дамк вартирупо суточно
281,куплюдиванкожаный,[7],куплюди ванкожаный
282,ищуработудизайнером,"[3, 10]",ищу работуд изайнером
283,новыйхолодильникдоставка,"[5, 17]",новый холодильникд оставка
284,куплютелевизорOLED,[10],куплютелев изорOLED
285,ищустудиюсремонтом,"[3, 10, 12]",ищу студиюс ре монтом
286,сдамкомнатубезмебели,"[1, 5, 13]",с дамк омнатубе змебели
287,куплюпылесосXiaomi,"[5, 14]",куплю пылесосXi aomi
288,ищурепетиторапорусскому,"[3, 14, 17]",ищу репетиторап ору сскому
289,новаямебельназаказ,"[5, 12]",новая мебельн азаказ
290,куплюнаушникиSony,"[5, 14]",куплю наушникиS ony
291,ищумастерапомебели,"[3, 11, 14]",ищу мастерап оме бели
292,сдамдачуналето,"[1, 5, 10]",с дамд ачуна лето
293,ищуработутестировщиком,"[3, 10]",ищу работут естировщиком
294,новыйтелефонHonor,"[5, 13]",новый телефонH onor
295,куплюматрасбу,[7],куплюма трасбу
296,ищусобакубигля,[3],ищу собакубигля
297,сдамгаражвцентре,"[1, 5, 11, 13]",с дамг аражвц ен тре
298,куплюноутбукAcer,"[7, 13]",куплюно утбукA cer
299,ищустудиюнадлительныйсрок,"[2, 10, 23]",ищ устудиюн адлительныйср ок
300,новыйдиванвналичии,"[5, 11, 13]",новый диванв на личии
301,куплюстолобеденный,[5],куплю столобеденный
302,ищуврачатерапевта,"[2, 3, 9]",ищ у врачат ерапевта
303,сдаюквартирусремонтом,"[4, 13, 15]",сдаю квартирус ре монтом
304,куплюмиксерBosch,"[7, 12]",куплюми ксерB osch
305,ищуподработкувечером,"[3, 14]",ищу подработкув ечером
306,новаякурткамужская,"[5, 12]",новая курткам ужская
307,куплютелевизорJVC,"[5, 15]",куплю телевизорJ VC
308,ищурепетиторапоинформатике,"[3, 14, 17]",ищу репетиторап оин форматике
309,сдамдомуморя,"[1, 5, 10]",с дамд омумо ря
310,куплюпланшетHuawei,"[5, 13]",куплю планшетH uawei
311,ищуработуменеджером,"[3, 10]",ищу работум енеджером
312,новыйноутбукDell,[5],новый ноутбукDell
313,куплюкреслокомпьютерное,[12],куплюкреслок омпьютерное
314,ищусобакуджекрассел,"[3, 10, 14]",ищу собакуд жекр ассел
315,сдамстудиюбезпосредников,"[1, 5, 12, 16]",с дамс тудиюбе зпос редников
316,куплювелосипедGiant,"[5, 15]",куплю велосипедG iant
317,ищуврачахирурга,"[3, 9]",ищу врачах ирурга
318,новыйпылесосдоставка,"[5, 10, 14]",новый пылес осдо ставка
319,куплюайфон13,"[5, 11]",куплю айфон1 3
320,сдамкомнатудлядевушки,"[1, 5, 13, 17]",с дамк омнатудл ядев ушки
321,куплюхолодильникновый,"[5, 17]",куплю холодильникн овый
322,ищуработуводителем,"[3, 10]",ищу работув одителем
323,новыйдиванугловой,"[5, 12]",новый дивануг ловой
324,ищустудиюсмебелью,"[3, 10, 12]",ищу студиюс ме белью
325,сдамдачунедорого,"[1, 5, 10]",с дамд ачуне дорого
326,куплюмикроволновкубу,[7],куплюми кроволновкубу
327,ищусобакупуделя,"[3, 10]",ищу собакуп уделя
328,новыйтелевизорTCL,"[5, 15]",новый телевизорT CL
329,куплюноутбукAsus,"[7, 13]",куплюно утбукA sus
330,ищуучителяфранцузского,"[3, 11]",ищу учителяф ранцузского
331,ищурепетиторапоалгебре,"[3, 14, 17]",ищу репетиторап оал гебре
332,новаякухнявналичии,"[5, 11, 13]",новая кухняв на личии
333,куплюкомпьютерDell,"[5, 15]",куплю компьютерD ell
334,ищуработупродавцом,"[3, 10]",ищу работуп родавцом
335,куплютелевизорSharp,[15],куплютелевизорS harp
336,ищусобакулайку,"[3, 9]",ищу собаку лайку
337,продамдиванбу,[6],продам диванбу
338,2024год,[5],2024г од
339,ищуработупрограммистомудаленно,"[3, 10, 24]",ищу работуп рограммистомуд аленно
340,"холодильниксломался,помогитесрочно","[11, 21, 29]","холодильник сломался,п омогитес рочно"
341,АВТОМОЙКАРЯДОМ,[7],АВТОМОЙ КАРЯДОМ
342,телевизорLG55,[9],телевизор LG55
343,МоскваIkeaдоставка,"[6, 12]",Москва Ikeaдо ставка
344,срочноищуквартирууметро,"[6, 10, 19, 21]",срочно ищук вартируум ет ро
345,"ноутбукневключается,чтоделать?","[2, 8, 11, 23, 27]","но утбукн евк лючается,что дела ть?"
346,новыйстолIkeaдоставка,"[5, 15]",новый столIkeaдо ставка
347,продаюкошкувхорошиеруки,"[6, 12, 14, 22]",продаю кошкув хо рошиерук и
348,Windows11незапускается,[13],Windows11неза пускается
349,продаюPlaystation5почтиновая,[6],продаю Playstation5почтиновая
350,квартирасремонтомимебелью,"[8, 10, 19, 21]",квартира ср емонтомим еб елью
351,"Avitoнеоткрывается,помогите","[9, 22]","Avitoнеот крывается,пом огите"
352,хочукупитьвелосипедбу,"[4, 11]",хочу купитьв елосипедбу
353,ищурепетиторапоматематике,"[3, 14, 17]",ищу репетиторап ома тематике
354,сушидоставканочью,"[4, 13]",суши доставкан очью
355,нужнапомощьвпереездесрочно,"[5, 12, 14, 23]",нужна помощьв пе реездесро чно
356,айфон14промакс,"[5, 8]",айфон 14п ромакс
357,ищуключиотмашины,"[3, 9, 12]",ищу ключио тма шины
358,Сбербанкнеработаетбанкомат,"[8, 11, 20]",Сбербанк нер аботаетба нкомат
359,продаюкомодбуторг,[6],продаю комодбуторг
360,куплюцветырозытюльпаны,"[5, 15]",куплю цветырозыт юльпаны
361,хочузаказатьтаксиваэропорт,"[4, 13, 20]",хочу заказатьт аксиваэ ропорт
362,ищудомвдеревненалето,"[3, 7, 9]",ищу домв де ревненалето
363,куплюноутбукдляигр,"[7, 13, 17]",куплюно утбукд ляиг р
364,отдамдаромстарыйшкаф,"[2, 6, 12, 19]",от дамд аромст арыйшка ф
365,ищумастерапоремонтуноутбуков,"[3, 11, 14, 22]",ищу мастерап оре монтуноу тбуков
366,автосервиспоблизости,"[7, 9]",автосер ви споблизости
367,продаюiPhoneXR,[6],продаю iPhoneXR
368,ищуквартирувМосквенедорого,"[3, 12, 14, 21]",ищу квартирув Мо сквенед орого
369,собакапотеряласьнаулице,"[6, 17, 20]",собака потеряласьн аул ице
370,ищуработуофициантомвечером,"[3, 10, 21]",ищу работуо фициантомве чером
371,подарюкотенкахорошимлюдям,"[6, 14, 22]",подарю котенках орошимлю дям
372,SamsungA54новый,[],SamsungA54новый
373,квартирастудиядолгосрочно,"[8, 15]",квартира студияд олгосрочно
374,ИвановИванСергеевич,[6],Иванов ИванСергеевич
375,ищуавтозапчастинаВАЗ,"[3, 16, 19]",ищу автозапчастин аВА З
376,сломалсяпылесосSamsung,"[8, 13, 16, 18]",сломался пылес осS am sung
377,срочнонуженмастер-сантехник,"[6, 12]",срочно нуженм астер-сантехник
378,ищудешевыеавиабилеты,"[3, 11]",ищу дешевыеа виабилеты
379,куплюбилетывтеатр,"[7, 12, 14]",куплюби летыв те атр
380,новыйхолодильникдешево,"[5, 17]",новый холодильникд ешево
381,iPhone15Pro,[4],iPho ne15Pro
382,ремонтобувирядом,[13],ремонтобувиря дом
383,сдамкомнатустуденту,"[1, 5, 13]",с дамк омнатуст уденту
384,хочузаказатьсуши!,"[4, 13]",хочу заказатьс уши!
385,"ноутбукзависаетчасто,чтоделать","[2, 8, 17, 24, 28]","но утбукз ависаетча сто,что дела ть"
386,ЯндексЕданеработает,"[9, 12]",ЯндексЕда нер аботает
387,ищузапчастинаВАЗ2107,"[3, 12, 15]",ищу запчастин аВА З2107
388,ремонтiPhoneбыстро,"[6, 13]",ремонт iPhoneб ыстро
389,хочукупитьсамокатребенку,"[4, 11]",хочу купитьс амокатребенку
390,ищурепетиторапоанглийскому,"[3, 14, 17]",ищу репетиторап оан глийскому
391,сдаюквартирупосуточно,"[4, 13]",сдаю квартируп осуточно
392,доставкаедыМосква,"[6, 12]",достав каедыМ осква
393,продамкурткубу,[6],продам курткубу
394,куплюколесазима,"[5, 7]",куплю ко лесазима
395,ремонткомпьютеровнедорого,"[6, 18, 21]",ремонт компьютеровн едо рого
396,продаюстулIkea,"[6, 11]",продаю стулI kea
397,автостеклозамена,[10],автостекло замена
398,нуженмастерпомебели,"[5, 12, 15]",нужен мастерп оме бели
399,куплюдетскуюколяску,[12],куплюдетскую коляску
400,продаюXboxSeriesS,"[6, 11]",продаю XboxS eriesS
401,хочукупитьмороженое,"[4, 11]",хочу купитьм ороженое
402,ремонтiPhoneМосква,"[6, 14]",ремонт iPhoneМо сква
403,хочукофелатте,[4],хочу кофелатте
404,"IKEAзакрылась,чтоделать?","[4, 15, 19]","IKEA закрылась,ч тоде лать?"
405,ищуподругудляобщения,"[3, 11, 15]",ищу подругуд ляоб щения
406,срочнонуженрепетитор,"[6, 12]",срочно нуженр епетитор
407,"потерялпаспорт,помогите","[7, 16]","потерял паспорт,п омогите"
408,куплюдетскиевещи,[12],куплюдетские вещи
409,ремонтiPhoneсрочно,"[6, 14]",ремонт iPhoneср очно
410,ищуавтоспробегом,[3],ищу автоспробегом
411,куплюiPhone12,[5],куплю iPhone12
412,новыйдивандоставка,"[5, 11]",новый диванд оставка
413,квартирасремонтомнедорого,"[8, 10, 19, 22]",квартира ср емонтомне дор ого
414,хочукупитьтелевизорSamsung,"[4, 11, 21]",хочу купитьт елевизорSa msung
415,срочнопродаювелосипедбу,"[6, 13]",срочно продаюв елосипедбу
416,ищустудентадляпомощи,"[3, 12, 16]",ищу студентад ляпо мощи
417,МоскваСбербанкбанкомат,"[6, 15]",Москва Сбербанкб анкомат
418,ищумебельбунедорого,"[3, 12, 15]",ищу мебельбун едо рого
419,ноутбукAsusROG,[2],но утбукAsusROG
420,хочузаказатьпиццу,"[4, 13]",хочу заказатьп иццу
421,сдаюквартирунамесяц,"[4, 13, 16]",сдаю квартирун аме сяц
422,ищудешёвыйтелефон,"[3, 11]",ищу дешёвыйт елефон
423,продаммониторбу,[7],продамм ониторбу
424,ищуспециалистапоремонту,"[3, 15, 18]",ищу специалистап оре монту
425,куплюгитарунедорого,"[7, 12]",куплюги тарун едорого
426,ищукнигупоистории,"[3, 9, 12]",ищу книгуп оис тории
427,старыйтелевизорработает,"[6, 16]",старый телевизорр аботает
428,куплюсамокатдетский,"[5, 13]",куплю самокатд етский
429,"ищусобаку,пропала","[3, 11]","ищу собаку,п ропала"
430,Аятанцуюпьяныйподдождём,"[1, 3, 10, 17]",А ят анцуюпь яныйпод дождём
431,"Курилитолькосиги,есличё","[6, 13, 19]","Курили толькос иги,ес личё"
432,Нашобразжизнистанетпалачом,"[3, 9, 15, 22]",Наш образж изнист анетпал ачом
433,Нискольконежалеюниочём,"[9, 17, 20]",Нисколько нежалеюн иоч ём
434,"Грустно,когдарасписанывсемаршруты","[8, 14, 24, 28]","Грустно, когдар асписанывс емар шруты"
435,Когданачасахважныминуты,"[5, 8, 13, 21]",Когда нач асахв ажнымину ты
436,Ивсенасветесталокак-тоскучноиглупо,"[1, 5, 8, 14, 20, 27]",И всен асв етеста локак- тоскучн оиглупо
437,"Мояшизазнает,когданажатьнаплей","[5, 14, 20, 27]","Мояши зазнает,к огдана жатьнап лей"
438,"Неждименяродная,закрывайназамокдверь","[5, 10, 18, 26, 28, 31]","Нежди меняр одная,за крывайна за мок дверь"
439,"Утродоброе,держименяфонарь","[5, 12, 18, 23]","Утрод оброе,д ержиме няфон арь"
440,"Очкитёмные,спрячьтемнеглаза","[4, 12, 19, 23, 26]","Очки тёмные,с прячьте мнег лаз а"
441,"Солнцеяркое,прошусогрейменя","[13, 19]","Солнцеяркое,п рошусо грейменя"
442,"Быловесело,ноябнеповторял","[4, 12, 15, 18, 21]","Было весело,н ояб неп овт орял"
443,Якалендарьперевернул,"[1, 11]",Я календарьп еревернул
444,Исноватретьесентября,[6],Иснова третьесентября
445,Нафотоятвоёвзгляну,"[2, 9, 13]",На фотоятв оёвз гляну
446,"Нопочему,нопочему","[2, 10, 13]","Но почему,н опо чему"
447,Расстатьсявсёженампришлось?,"[10, 14, 20]",Расстаться всёж енампр ишлось?
448,Ведьбыловсёунасвсерьёз,"[4, 9, 13, 15, 18, 19, 20, 21]",Ведь былов сёун ас все р ь ё з
449,Второгосентября,[7],Второго сентября
450,Журавлейбелыйклин,"[8, 14]",Журавлей белыйк лин
451,Твоядочьимойсын—,"[4, 9, 11, 15]",Твоя дочьи мо йсын —
452,Всехотяттеплотыиласки,"[3, 9, 17]",Все хотятт еплотыил аски
453,"Мывлюбовь,каквигру,","[2, 4, 12, 16, 18]","Мы вл юбовь,ка квиг ру ,"
454,Нахолодномветру,"[2, 11]",На холодномв етру
455,Поигралистобой,[],Поигралистобой
456,Нопришёлсамсобой,"[2, 9, 13]",Но пришёлс амсо бой
457,"Выцветшаятень,выжженнаяна","[9, 15]","Выцветшая тень,в ыжженнаяна"
458,Городскомландшафтеменязовёт,"[9, 24]",Городском ландшафтеменязо вёт
459,Окнаянтарёмлижутмнеглаза,"[4, 12, 18, 22]",Окна янтарёмл ижутмн егла за
460,Кровьислепотаволокутвперёд,"[5, 10, 23]",Кровь ислеп отаволокутвпе рёд
461,Лёгкиеопухли,[6],Лёгкие опухли
462,Амороксквозьтолпу,"[1, 7]",А морокс квозьтолпу
463,"Манит,игнорируяменя","[6, 16]","Манит, игнорируям еня"
464,Толькобыдогнал,"[6, 9]",Только быд огнал
465,Яегопочтидогнал,"[1, 5, 11]",Я егоп очтидо гнал
466,Телоисполняетсяогня,"[4, 16]",Тело исполняетсяо гня
467,"Сердцелупитмневгрудь,каквгонг","[4, 12, 17, 24, 28]","Серд целупитм невгр удь,как вгон г"
468,Расползаясьпососудамраскатами,"[11, 14, 17, 23]",Расползаясь пос осу дамрас катами
469,Ветхийгородприменяетзакон,"[6, 12, 22]",Ветхий городп рименяетза кон
470,Чтобыдваблизнецаоказалисьразъятыми,"[5, 9, 18, 28]",Чтобы дваб лизнецаок азалисьраз ъятыми
471,"Ядавлюсь,изрыгаяогонь","[1, 10, 18]","Я давлюсь,и зрыгаяог онь"
472,Глоткамивоздуха,[8],Глотками воздуха
473,Наальвеолахраспятыми,"[2, 8, 13]",На альвео лахра спятыми
474,Вэтомстробоскопическомкино,"[1, 6, 25]",В этомс тробоскопическомкин о
475,Длядостижениярубежа,"[3, 14]",Для достиженияр убежа
476,"Мненехватаетдыхания,но","[3, 6, 14]","Мне нех ватаетды хания,но"
477,Япродолжаючтоестьмочибежать,"[1, 11, 15, 20]",Я продолжаюч тоес тьмоч ибежать
478,Толькоменябеспокоитодно,"[6, 11, 21]",Только меняб еспокоитод но
479,Лёгкиебудтопоеларжа,"[6, 10]",Лёгкие будт опоеларжа
480,Япродолжаюзанимбежать,"[1, 11, 14, 18]",Я продолжаюз ани мбеж ать
481,"Яананас,ятакойжекакон","[1, 9, 11, 17]","Я ананас,я та койжек акон"
482,Колючийвнутриисовсехсторон,"[7, 15, 23]",Колючий внутриис овсехсто рон
483,Нешутисомной,"[2, 7]",Не шутис омной
484,Ятропическийлев,[12],Ятропический лев
485,АркадийУкупник—кусающийлжец,"[7, 15, 17]",Аркадий Укупник— ку сающийлжец
486,"Тот,ктовпятнадцатьлетубежализдома,","[4, 8, 20, 24, 32]","Тот, ктов пятнадцатьле тубе жализдом а,"
487,"Врядлипойметтого,ктоучилсявспецшколе.","[4, 7, 14, 20, 24, 31, 33]","Вряд лип ойметто го,кто учил сявспец шк оле."
488,"Тот,укогоестьхорошийжизненныйплан,","[4, 6, 11, 16, 24]","Тот, ук огоес тьхор ошийжизн енныйплан,"
489,Врядлибудетдуматьочем-тодругом.,"[4, 7, 13, 20, 28]",Вряд либ удетду матьоче м-тодруг ом.
490,"Мыпьемчайвстарыхквартирах,","[2, 10, 12, 19]","Мы пьемчайв ст арыхква ртирах,"
491,"Ждемлетавстарыхквартирах,","[4, 9, 11, 18]","Ждем летав ст арыхква ртирах,"
492,"Встарыхквартирах,гдеестьсвет,","[1, 8, 19, 23, 28]","В старыхк вартирах,гд еест ьсвет ,"
493,"Газ,телефон,горячаявода,","[4, 13, 21]","Газ, телефон,г орячаяво да,"
494,"Радиоточка,пол-паркет,","[5, 12]","Радио точка,п ол-паркет,"
495,"Санузелраздельный,домкирпичный,","[2, 8, 20, 24]","Са нузелр аздельный,до мкир пичный,"
496,"Однасемья,двесемьи,трисемьи...","[4, 11, 15, 22, 26]","Одна семья,д весе мьи,три семь и..."
497,"Многоподсобныхпомещений,","[5, 15]","Много подсобныхп омещений,"
498,"Первыйипоследний-непредлагать,","[6, 8, 18, 20, 23, 24]","Первый ип оследний-н еп ред л агать,"
499,"Рядомсметро,центр...","[5, 13]","Рядом сметро,ц ентр..."
500,"Всеговорят,чтомыв-месте...","[3, 12, 16, 19]","Все говорят,ч томы в-м есте..."
501,"Всеговорят,нонемногиезнают,вкаком.","[3, 12, 15, 18, 25, 32]","Все говорят,н оне мно гиезнаю т,вкако м."
502,Аизнашихтрубидетнеобычныйдым.,"[1, 4, 10, 19]",А изн ашихтр убидетнео бычныйдым.
503,Стой!Опаснаязона!Работамозга!..,"[5, 13, 19, 26]",Стой! Опаснаяз она!Ра ботамоз га!..
504,Пожалуйстанеумирай,"[6, 13, 15]",Пожалу йстанеу ми рай
505,Илимнепридетсятоже,"[4, 7, 16]",Илим неп ридетсято же
506,Тыконечносразуврай,"[2, 10, 16]",Ты конечнос разувр ай
507,Аянедумаючтотоже,"[1, 3, 6, 12, 16]",А ян еду маючто тоже
508,Хочешьсладкихапельсинов,"[6, 13]",Хочешь сладких апельсинов
509,Хочешьвслухрассказдлинный,"[6, 12]",Хочешь вслухр ассказдлинный
510,Хочешьявзорвувсезвезды,"[7, 14, 18]",Хочешья взорвув сезв езды
511,Чтомешаютспать,"[3, 10]",Что мешаютс пать
512,Пожалуйстатолькоживи,"[10, 17]",Пожалуйста толькож иви
513,Тыжевидишьяживутобою,"[2, 5, 13, 19]",Ты жев идишьяжи вутобо ю
514,Моейогромнойлюбви,"[4, 13]",Моей огромнойл юбви
515,Хватитнамдвоимсголовою,"[6, 10, 16, 18]",Хватит намд воимсг ол овою
516,Хочешьмореспарусами,"[6, 11]",Хочешь морес парусами
517,Хочешьмузыкновыхсамых,"[6, 12, 18]",Хочешь музыкн овыхса мых
518,Хочешьяубьюсоседей,"[7, 12]",Хочешья убьюс оседей
519,Хочешьсолнцевместолампы,"[6, 14, 20]",Хочешь солнцевм естола мпы
520,ХочешьзаокошкомАльпы,"[6, 9, 18]",Хочешь зао кошкомАль пы
521,Хочешьяотдамвсепесни,"[7, 10, 14, 18]",Хочешья отд амвс епес ни
522,Протебяотдамвсепесни,"[7, 14, 18]",Протебя отдамвс епес ни
523,"Яискалатебягодамидолгими,","[1, 8, 13, 20]","Я искалат ебяго дамидол гими,"
524,Искалатебядворамитемными.,"[6, 11, 19]",Искала тебяд ворамите мными.
525,"Вжурналах,вкино,средидрузей.","[1, 11, 13, 19, 25]","В журналах,в ки но,сре дидруз ей."
526,"Вдень,когданашла,сумасошла.","[1, 7, 13, 20, 25]","В день,к огдана шла,сум асошл а."
527,"Ты,совсемкаквосне,","[3, 10, 15]","Ты, совсемк аквос не,"
528,"Совсемкаквальбомах,","[6, 10]","Совсем какв альбомах,"
529,Гдеярисовалатебягуашью.,"[3, 13, 18]",Где ярисовалат ебягу ашью.
530,"Дальшебылизвонки,ночныебольше.","[6, 19, 26]","Дальше былизвонки,но чныебол ьше."
531,"Слезы,нервы,любовьистрелкивПольше.","[6, 13, 20, 29, 31]","Слезы, нервы,л юбовьис трелкивПо ль ше."
532,"Дети,нонемои,старыезазнобы,","[5, 8, 11, 16, 23]","Дети, нон емо и,ста рыезазн обы,"
533,"Куришькаждыепять,мыусталиоба.","[6, 13, 19, 22]","Куришь каждыеп ять,мы уст алиоба."
534,...годамидолгими.,[10],...годамид олгими.
535,...ночамитемными.,[10],...ночамит емными.
536,"Искалатебядворамитемными,","[6, 11, 19]","Искала тебяд ворамите мными,"
537,"Вжурналах,вкино,годамидолгими,","[1, 11, 13, 19, 26]","В журналах,в ки но,год амидолг ими,"
538,"Искалатебяночами,чами,чами,чами...","[6, 11, 19, 25, 31]","Искала тебян очами,ча ми,чам и,чами ..."
539,Большиегорода,"[7, 10]",Большие гор ода
540,Пустыепоезда,[6],Пустые поезда
541,Нибереганидна,[],Нибереганидна
542,Всеначинатьсначала,"[3, 12]",Все начинатьс начала
543,Холоднаявойна,[8],Холодная война
544,Ивремякаквода,"[1, 7, 11]",И времяк акво да
545,Оннесошелсума,"[2, 5, 11]",Он нес ошелсу ма
546,Тыничегонезнала,"[2, 9, 12]",Ты ничегон езн ала
547,Полковникуниктонепишет,"[9, 16, 19]",Полковник униктон епи шет
548,Полковниканиктонеждет,"[10, 16]",Полковника никтон еждет
549,Налинииогня,"[2, 8]",На линиио гня
550,Пустыегорода,"[5, 9]",Пусты егор ода
551,Вкоторыхникогда,"[1, 9]",В которыхн икогда
552,Тыраньшенебывала,"[2, 9, 12]",Ты раньшен ебы вала
553,Ирвутсяпоезда,[7],Ирвутся поезда
554,Натонкиеслова,[],Натонкиеслова
555,Ясижуисмотрювчужоенебоизчужогоокна,"[1, 6, 14, 16, 22, 25, 30]",Я сижуи смотрювч уж оенебо изч ужого окна
556,Иневижуниоднойзнакомойзвезды.,"[1, 4, 9, 12, 18, 27, 28]",И нев ижуни одн ойзнак омойзвезд ы .
557,"Яходилповсемдорогамитуда,исюда,","[1, 7, 10, 15, 23, 25, 26]","Я ходилп овс емдор огамитуд а, и сюда,"
558,Обернулся-инесмогразглядетьследы.,"[9, 11, 13, 16, 21, 32]",Обернулся -и не смо гразг лядетьследы .
559,"Ноеслиестьвкарманепачкасигарет,","[2, 7, 12, 14, 22, 28]","Но еслие стьвк ар манепачк асигар ет,"
560,Значитвсенетакужплохонасегодняшнийдень.,"[6, 10, 13, 17, 20, 29]",Значит всен ета кужп лох онасегодн яшнийдень.
561,"Ибилетнасамолетссеребристымкрылом,","[6, 9, 17, 19, 31]","Ибилет нас амолетсс ер ебристымкрыл ом,"
562,"Что,взлетая,оставляетземлелишьтень.","[4, 6, 14, 24, 30]","Что, вз летая,ос тавляетзем лелишь тень."
563,"Иниктонехотелбытьвиноватымбезвина,","[6, 9, 15, 20, 30]","Иникто нех отелбы тьвин оватымбезв ина,"
564,"Иниктонехотелрукамижарзагребать,","[1, 7, 10, 16, 23, 27]","И никтон ехо телрук амижарз агре бать,"
565,"Абезмузыкинамирусмертьнекрасна,","[1, 5, 12, 15, 20, 29]","А безм узыкина мир усмер тьнекрасн а,"
566,Абезмузыкинехочетсяпропадать.,"[1, 5, 12, 15, 23]",А безм узыкине хоч етсяпроп адать.
567,"Призрачновсевэтоммиребушующем,","[9, 13, 15, 20, 25]","Призрачно всев эт оммир ебушу ющем,"
568,Естьтолькомиг-занегоидержись.,"[4, 11, 19, 24]",Есть тольком иг-занег оидер жись.
569,"Естьтолькомигмеждупрошлымибудущим,-","[4, 11, 15, 21, 30]","Есть тольком игме ждупро шлымибуду щим,-"
570,Именноонназываетсяжизнь.,"[6, 9, 20]",Именно онн азываетсяжи знь.
571,"Вечныйпокойсердцеврядлиобрадует,","[6, 12, 20, 26]","Вечный покойс ердцевря длиобр адует,"
572,Вечныйпокой-дляседыхпирамид.,"[6, 12, 14, 18, 24]",Вечный покой- дл ясед ыхпира мид.
573,"Адлязвезды,чтосорваласьипадает","[1, 5, 13, 17, 27, 29]","А дляз везды,чт осор валасьипад ае т"
574,"Естьтолькомиг,ослепительныймиг.","[4, 11, 16, 21]","Есть тольком иг,ос лепит ельныймиг."
575,"Пустьэтотмирвдальлетитсквозьстолетия,","[5, 10, 14, 16, 20, 26, 33]","Пусть этотм ирвд ал ьлет итскво зьстоле тия,"
576,"Ноневсегдаподорогемнесним,","[2, 5, 12, 15, 22, 26]","Но нев сегдапо дор огемнес ним,"
577,"Чемдорожу,чемрискуюнасветея?","[3, 11, 15, 22, 25]","Чем дорожу,ч емри скуюнас вет ея?"
578,"Мигомодним,толькомигомодним.","[5, 12, 20, 25]","Мигом одним,т олькомиг омодн им."
579,Счастьеданоповстречатьильбедуеще,"[7, 12, 24]",Счастье даноп овстречатьил ьбедуеще
580,Естьтолькомиг-занегоидержись!,"[4, 11, 19, 24]",Есть тольком иг-занег оидер жись!
581,Волкиуходятвнебеса.,"[5, 12, 14]",Волки уходятв не беса.
582,Горятхолодныеглаза.,"[5, 14]",Горят холодныег лаза.
583,Приказаверитьвчудеса,"[5, 14, 16]",Прика заверитьв чу деса
584,Непоступало.,[2],Не поступало.
585,"Икаждыйденьдругаяцель,","[1, 8, 13, 20]","И каждыйд еньдр угаяцел ь,"
586,"Тостеныгор,тогорыстен","[2, 12, 17]","То стеныгор,т огоры стен"
587,Иждётотчаянныхгостей,"[5, 15]",Иждёт отчаянныхг остей
588,Чужаястая.,[5],Чужая стая.
589,"Спиной,",[],"Спиной,"
590,Кветруивсёже,"[1, 7, 12]",К ветруи всёже
591,Вырватьсяможет,[9],Вырваться может
592,Чья-тодуша.,[6],Чья-то душа.
593,"Спасёт,",[],"Спасёт,"
594,Нонепоможет,"[2, 5]",Но неп оможет
595,"Чувствуюкожей,",[8],"Чувствую кожей,"
596,Пропащая.,[],Пропащая.
597,"Непомнятслов,невидятснов","[8, 14, 17, 23]","Непомнят слов,н еви дятсно в"
598,Перерослисвоихотцов.,"[9, 15]",Переросли своихо тцов.
599,"И,кажется,рукабойцов","[2, 11, 16]","И, кажется,р укабо йцов"
600,Колотьустала.,[6],Колоть устала.
601,Позорислававихкрови,"[11, 16]",Позорислава вихкр ови
602,Хватаетсмертиилюбви,"[7, 15]",Хватает смертиил юбви
603,Носкольковолканекорми,"[9, 16, 19]",Носколько волкане кор ми
604,Емувсемало.,"[3, 7]",Ему всем ало.
605,"Волкиуходят,",[5],"Волки уходят,"
606,Волкиуходят...,[5],Волки уходят...
607,"Всёизчегомоисомнениясотканы,тонко.","[3, 6, 11, 15, 24, 33]","Всё изч егомо исом нениясотк аны,тонко ."
608,"Какойчудесныйдень,мояструитсялень","[5, 14, 20, 33]","Какой чудесныйд ень,мо яструитсялень"
609,Награнипросветления,[2],На гранипросветления
610,Сияетшамбалаинежитсядуша,"[5, 9, 14, 16]",Сияет шамб алаин еж итсядуша
611,Внирваневоскресения.,"[1, 9]",В нирванев оскресения.
612,"О,каклегкомоивоспоминаниявыцвели","[2, 6, 16, 29]","О, какл егкомоивос поминаниявыцв ели"
613,Ктоятакойипочемусбиваютсямысли.,"[3, 5, 11, 13, 20, 30]",Кто ят акойип оч емусбив аютсямысли .
614,"Верхомназвезде,",[6],"Верхом назвезде,"
615,"Вцепившисьвлучи,","[1, 11, 13]","В цепившисьв лу чи,"
616,Слунойнаповодке,"[6, 9]",Слуной нап оводке
617,Вночи,[1],В ночи
618,Верхомназвезде,[6],Верхом назвезде
619,"Несусьнавстречуветрам,","[6, 9, 17]","Несусь нав стречуве трам,"
620,Кнесбывшейсямечте,"[4, 13]",Кнес бывшейсям ечте
621,Иснам,[1],И снам
622,"О,жизнь,тыпрекрасна,","[2, 9, 12]","О, жизнь,т ыпр екрасна,"
623,"О,жизнь,тыпрекраснавполне.","[2, 9, 12, 22, 24]","О, жизнь,т ыпр екраснавпо лн е."
624,Бываешьнемногоопасна.О-е.,"[7, 15]",Бываешь немногоо пасна.О-е.
625,"Возьмимоесердце,",[9],"Возьмимое сердце,"
626,"Храни,вспоминайобомне,","[6, 16, 18]","Храни, вспоминайо бо мне,"
627,"Поверьмне,чтовсененапрасно.","[2, 11, 16, 20, 23]","По верьмне,ч товсе нена пра сно."
628,"Надлесом,рекой,","[3, 6, 11]","Над лес ом,ре кой,"
629,Потеряннавсегда,[9],Потерянна всегда
630,Покой.,[],Покой.
631,Верхомназвезде.,[6],Верхом назвезде.
632,Mitornodiaboloesta.,[],Mitornodiaboloesta.
633,Билетводинконец—,"[5, 7, 12]",Билет во динко нец—
634,Весна,[],Весна
635,Исоздалэтотмир,"[1, 8, 13]",И создалэ тотми р
636,Ясам,[1],Я сам
637,Верьмне…,[5],Верьм не…
638,Ямаленькаялошадка,"[1, 11]",Я маленькаял ошадка
639,Имнеживётсянесладко,"[2, 5, 13]",Им неж ивётсяне сладко
640,Мнетруднонестимоюношу,"[3, 10, 19]",Мне труднон естимоюно шу
641,"Настанетдень,ияеёброшу","[2, 9, 15, 17, 19]","На станетд ень,ия её бр ошу"
642,Ностоюоченьмногоденег,"[2, 7, 13, 19]",Но стоюо ченьмн огоден ег
643,Иявезусвоюбольшуюповозку,"[1, 3, 8, 13, 21]",И яв езусв оюбол ьшуюпово зку
644,Стогонаэтотберег,"[5, 8, 13]",Стого наэ тотбе рег
645,"Мнехочетсяплакать,мнехочетсясмеяться","[3, 11, 20, 24, 32]","Мне хочетсяп лакать,мн ехоч етсясмея ться"
646,"Мнехочетсяпрыгать,валятьсяибрыкаться","[3, 11, 20, 29, 31]","Мне хочетсяп рыгать,ва лятьсяибр ык аться"
647,"Чтобыбылидрузьяили,хотябыодин","[5, 10, 21, 26, 29]","Чтобы былид рузьяили,хо тябыо дин"
648,"Нояработаю,каквол,вмоейтележкекокаин","[2, 4, 13, 17, 22, 24, 29]","Но яр аботаю,ка квол ,вмое йт ележк екокаин"
649,"Яумруоченьрано,иязнаюобэтом","[1, 6, 12, 18, 20, 22]","Я умруо ченьра но,ияз на юо бэтом"
650,"Можетбытьневесной,можетбытьраннимлетом","[5, 10, 20, 26, 31]","Может бытьн евесной,мо жетбыт ьранн имлетом"
651,"Ялюблюслушатьпесни,икостранюхатьдым","[1, 7, 15, 22, 24, 33]","Я люблюс лушатьпе сни,ико ст ранюхатьд ым"
652,"Нонельзямнеотвлекаться,явезукокаин","[2, 5, 11, 14, 27, 29]","Но нел ьзямне отв лекаться,явез ук окаин"
653,"Яусталаужасно,яхочуотдохнуть","[1, 8, 16, 18, 23]","Я усталау жасно,ях оч уотдо хнуть"
654,Съестьмешковдесятьсенаинадолгоуснуть,"[6, 13, 20, 25, 27, 30]",Съесть мешковд есятьсе наина до лго уснуть
655,Яхочукперелётнымптицамвклинитьсявклин,"[1, 6, 8, 19, 26, 37]",Я хочук пе релётнымпти цамвкли нитьсявклин
656,"Ноработаважней,заспинойкокаин","[2, 9, 17, 20, 27]","Но работав ажней,за спи нойкока ин"
657,"Мнепротивноитрудно,нонельзяотступить","[3, 13, 21, 24, 31]","Мне противноит рудно,но нел ьзяотст упить"
658,"Хотьихочетсяесть,хотьихочетсяпить","[4, 6, 14, 20, 25, 27]","Хоть их очетсяес ть,хот ьихоч ет сяпить"
659,Мыкогда-нибудьзаэтовадскомпламенисгорим,"[2, 21, 30]",Мы когда-нибудьзаэтова дскомплам енисгорим
660,"Новсёэтопотом,авданныймоменткокаин","[2, 6, 10, 17, 19, 28]","Но всёэ топо том,авд ан ныймомент кокаин"
661,"Мнеобидно,икапаютслёзы","[3, 11, 13, 20]","Мне обидно,и ка паютслё зы"
662,Когдамнеподногикидаютрозы,"[5, 9, 19, 24]",Когда мнеп одногикида ютроз ы
663,Когдалюдинаулицахивокнахквартир,"[5, 10, 13, 20, 22, 29]",Когда людин аул ицахиво кн ахкварт ир
664,Менявстречаютиустраиваютпирнавесьмир,"[4, 14, 16, 27, 33]",Меня встречаюти ус траиваютпир навесь мир
665,Мнерадыдажемалыедети,"[3, 8, 13, 19]",Мне радыд ажема лыедет и
666,Мнемашутдажедеревьевветви,"[3, 9, 14, 23]",Мне машутд ажеде ревьеввет ви
667,"Меняприветствуютвсе,все,какодин","[4, 17, 22, 27, 31]","Меня приветствуютв се,вс е,как один"
668,Япривезлаимновыймир,"[1, 10, 13]",Я привезлаи мно выймир
669,Япривезлакокаин,"[1, 10, 12]",Я привезлак ок аин
670,ВпиласьзанозойвсердцемоестрелаКупидона,"[7, 10, 16, 18, 28, 35]",Впилась зан озойвс ер дцемоестре лаКупид она
671,Хочетсявытащитьиникогданедуматьобэтом,"[7, 16, 18, 26, 29, 36]",Хочется вытащитьи ни когданед ума тьобэто м
672,Больнестерпимаимнедосихпорбыланезнакома,"[4, 7, 18, 21, 24, 28, 32, 37]",Боль нес терпимаимне дос ихп орбы лане знако ма
673,Солнцебезжалостновыжглоглазасвоимяркимсветом,"[6, 18, 29, 32, 37]",Солнце безжалостнов ыжглоглазас вои мярки мсветом
674,"Однаонаповсюду,гдебынескрылсяя","[4, 8, 17, 21, 22, 24, 25]","Одна онап овсюду,гд ебын е ск р ылсяя"
675,Вовсехглазахилицахтолькооднаона,"[2, 7, 14, 21, 28]",Во всехг лазахил ицахтол ькоодна она
676,"Большенетместа,гдебыямогзализыватьраны","[6, 10, 17, 21, 24, 26, 30]","Больше нетм еста,гд ебыя мог за лизы ватьраны"
677,Крыльяразбитыителомоевовластигангрены,"[6, 14, 16, 24, 26, 34]",Крылья разбитыи те ломоевов ла стигангр ены
678,"Силбольшенет,нетсна,лишьстрахпостоянный","[3, 10, 15, 19, 24, 29, 35]","Сил большен ет,не тсна ,лишь страх постоя нный"
679,Лишьголоствойвмоейголовеибелыестены,"[4, 13, 15, 17, 22, 29, 31]",Лишь голоствой вм ое йголо веибелы ес тены
680,Лишьоднаона,"[4, 9]",Лишь однао на
681,ВпилосьзанозойвсердцемоестрелаКупидона,"[7, 10, 16, 18, 28, 35]",Впилось зан озойвс ер дцемоестре лаКупид она
682,Злобныйуродецникакнеоставитвпокое,"[7, 14, 20, 23, 31]",Злобный уродецн икакне ост авитвпок ое
683,"Пустьбудетбольно,силынайдуивыдернускорнем","[5, 11, 19, 24, 30, 32, 40]","Пусть будетб ольно,си лынай дуивыд ер нускорне м"
684,"Новаяжизнь.Нужнопонять,чтоэтотакое","[5, 17, 25, 29, 33]","Новая жизнь.Нужноп онять,чт оэто тако е"
685,Лишьона,[4],Лишь она
686,Жизньиногдавыпускаетжало,"[5, 12, 22]",Жизнь иногдав ыпускаетжа ло
687,"Стираяпрошлое,словновирус","[6, 15]","Стирая прошлое,с ловновирус"
688,Икхоккеистуженасбежала,"[1, 3, 12, 18]",И кх оккеистуж енасбе жала
689,Инаработеполнешийминус,"[1, 4, 11, 20]",И нар аботепо лнешиймин ус
690,Нонашгерой–несдаётся,"[2, 6, 12, 14, 17]",Но нашг ерой–н ес даё тся
691,"Слезыутри,",[5],"Слезы утри,"
692,Пожизниидётисмеётся,"[9, 13, 14]",Пожизниид ётис м еётся
693,"Вотон,смотри","[3, 7]","Вот он,с мотри"
694,Онсамыйсчастливыйизнас,"[2, 8, 19]",Он самыйс частливыйиз нас
695,Избранныйнебесами,"[9, 12]",Избранный неб есами
696,ОнВам–нестарыйбаркас,"[2, 6, 8, 17, 18]",Он Вам– не старыйбар к ас
697,Афрегатспарусами,"[1, 8]",А фрегатс парусами
698,Вчёмжепричинатогда?,"[1, 5, 8, 16]",В чёмж епр ичинатог да?
699,Триобычныестрочки,"[3, 11]",Три обычныес трочки
700,Ждутегодомавсегда,"[3, 8, 13]",Жду тегод омавс егда
701,Егопапиныдочки,"[3, 10]",Его папиныд очки
702,Онпомогаетдобрымсоветом,"[2, 11, 18]",Он помогаетд обрымсо ветом
703,Имудрымсловомонлечитдуши,"[2, 8, 15, 18]",Им удрымс ловомон леч итдуши
704,"Навсевопросы,онзнаетответы","[2, 6, 15, 18, 24]","На всев опросы,он зна етотве ты"
705,"Всегдаподскажет,каксделатьлучше","[6, 10, 18, 22, 30]","Всегда подс кажет,ка ксде латьлучш е"
706,Ачтоегождётвпереди?,"[1, 5, 9, 14]",А чтое гожд ётвпе реди?
707,Тамвсёнетакгладко,"[3, 7, 10, 14]",Там всён ета кгла дко
708,Новсёжеонпобедит,"[2, 6, 9, 12]",Но всёж еон поб едит
709,Парень–загадка,"[6, 8]",Парень –з агадка
710,Поминутамосыпается,[],Поминутамосыпается
711,Ожиданиеневозможного,[8],Ожидание невозможного
712,Раннимутромпросыпается,"[6, 12]",Ранним утромп росыпается
713,Отдвижениянеосторожного.,"[10, 13]",Отдвижения нео сторожного.
714,Какмолчаниеледянойзимы,"[3, 12]",Как молчаниел едянойзимы
715,"Насзакуталонеизвестностью,","[3, 12]","Нас закуталон еизвестностью,"
716,"Здесьтакдолгодругдругаискалимы,","[5, 9, 15, 20, 26]","Здесь такд олгодр угдру гаиска лимы,"
717,"И,конечно,пропалибезвести","[2, 11, 19, 23]","И, конечно,п ропалибе звес ти"
718,Простится,[],Простится
719,"Нетусил,закрываю,",[9],"Нетусил,з акрываю,"
720,"Яглазазакрываю,","[1, 7]","Я глазаз акрываю,"
721,Сквозьтумануплываю,"[6, 11]",Сквозь туман уплываю
722,Поаллеямстолицы,"[2, 9]",По аллеямс толицы
723,Запотерейпотеря,"[2, 11]",За потерейпо теря
724,Игодаполетели,"[1, 6]",И годап олетели
725,Задождямиметели,[9],Задождями метели
726,Перелетныептицы,[10],Перелетные птицы
727,Тольконочьюнемогууснуть,"[6, 12, 15, 20]",Только ночьюн емо гуусн уть
728,Странныйхолодвсердцепрячется,"[8, 14, 16, 23]",Странный холодв се рдцепря чется
729,Чтослучилось?–скажитемнекто-нибудь,"[3, 14, 16, 25]",Что случилось?– ск ажитемнек то-нибудь
730,Толькоосеньвокномнерасплачется,"[6, 12, 22]",Только осеньв окномнерас плачется
731,Вподоконникмойбьютсягорошины,"[1, 12, 16, 23]",В подоконникм ойбь ютсягор ошины
732,"Тишину,разбиваявесельем,","[7, 16]","Тишину, разбиваяв есельем,"
733,Умиралидавнопонемножкумы,"[5, 8, 14, 17]",Умира лид авнопо нем ножкумы
734,"И,наверное,былоспасение","[2, 12, 17]","И, наверное,б ылосп асение"
735,Времясмотритспокойноспрезрением,"[5, 13, 15]",Время смотритс по койноспрезрением
736,Выменяужеверноневспомните,"[2, 7, 11, 19]",Вы меняу жеве рноневсп омните
737,Опоздавшееходитпрозрение,"[10, 16]",Опоздавшее ходитп розрение
738,Помоейгладковыбритойкомнате,"[2, 7, 23]",По моейг ладковыбритойком нате
739,Недосказаноинедослушенно,[12],Недосказанои недослушенно
740,Сердцебьетсядругимивершинами,"[4, 13, 21]",Серд цебьетсяд ругимиве ршинами
741,"Значитвсебезнадежноразрушено,","[6, 12, 21]","Значит всебез надежнора зрушено,"
742,"Нузачемже,зачемпоспешилимы","[2, 8, 12, 18]","Ну зачемж е,за чемпос пешилимы"
743,"Помню,помнюякакмывстретилисьстобою","[2, 7, 10, 14, 19, 22]","По мню,п омн юяка кмывс тре тилисьстобою"
744,"Былконецдня,тыспросилауменясигареточку","[3, 9, 14, 17, 26, 28, 33]","Был конецд ня,ты спр осилаумен яс игаре точку"
745,"Яподумал,чтозафигня","[1, 10, 14, 17]","Я подумал,ч тоза фиг ня"
746,"Сигареткаосталасьвсегоодна,нуладнона...","[9, 18, 24, 30]","Сигаретка осталасьв сегоод на,нул аднона..."
747,Мыпрожилипятнадцатьлет,"[2, 10, 21]",Мы прожилип ятнадцатьле т
748,Новоттеперьтыушлатебянет.,"[2, 6, 13, 16, 21]",Но вотт еперьты ушл атебя нет.
749,Нотыушлавсвоеморанжевомплаще,"[2, 5, 10, 12, 18]",Но тыу шлавс во еморан жевомплаще
750,"Нутыдаешьвообще,нутыдаешьвообщеблин!","[2, 5, 11, 19, 31]","Ну тыд аешьво обще,нут ыдаешьвообще блин!"
751,Нотыушлаинесказала:яскоровернусь,"[2, 5, 10, 12, 15, 24, 26]",Но тыу шлаин ес каз ала:яскор ов ернусь
752,"ЧёжетыделаешьЛюсь,как-жеябудуодин","[6, 11, 15, 21, 25, 27, 31]","Чёжеты делае шьЛю сь,как -жея бу дуод ин"
753,"Помню,помнюякакпоулицевесенний,","[2, 7, 10, 14, 19, 22]","По мню,п омн юяка кпоул ице весенний,"
754,"Ястобойгулял,мыкупилибанкупиваидвухлещей","[1, 8, 15, 18, 25, 35, 37]","Я стобойг улял,мы куп илибанк упиваидвух ле щей"
755,"Тыбыламолода-красива,","[2, 7]","Ты былам олода-красива,"
756,Ипохожанаапельсинавсвоемновомплаще,"[1, 8, 10, 20, 22, 28]",И похожан аа пельсинавс во емново мплаще
757,"Иялюбилтебякаксвою,вотитеперьотебеяпою!","[1, 3, 9, 14, 18, 24, 26, 31, 36, 38]","И ял юбилте бякак свою ,вотит еп ерьот ебеяп ою !"
758,"Помню,помню,какядарилтебе,чтопопросишь","[2, 7, 10, 15, 19, 26, 32, 36]","По мню,п омн ю,как ядар илтебе, чтопоп роси шь"
759,"Нокакойжедуракябыл,если-бзнал,чтотыменябросишь","[2, 8, 11, 17, 19, 24, 32, 38, 42, 45]","Но какойж еду ракябы л, если- бзнал,чт отымен ябро сиш ь"
760,"Сэкономилбы,иялюбилтебяобожал","[9, 13, 15, 17, 23, 28]","Сэкономил бы,и ял юб илтебя обожа л"
761,"Нуатымневспинукинжал,охнесладкомне","[2, 7, 10, 17, 25]","Ну атымн евс пинукин жал,охне сладкомне"
762,"Япригрелнагрудизмею,вотитеперьотебеяпою!","[1, 9, 12, 23, 25, 31, 36, 38]","Я пригрелн агр удизмею,вот ит еперьо тебея по ю!"
763,"Ясмотрюнатебя,","[1, 8, 11]","Я смотрюн ате бя,"
764,"Втелевизореты,аянадиване.","[1, 6, 16, 17, 18, 20]","В телев изореты,ая н а ди ване."
765,"ВгородеNдожди,","[1, 8]","В городеN дожди,"
766,Замыкание+бах!ивсталитрамваи,"[9, 11, 16, 18, 25]",Замыкание +б ах!ив ст алитрам ваи
767,Травмачерепно-мозговаямоялюбовь!,"[6, 23, 27]",Травма черепно-мозговаям оялю бовь!
768,"По-по-понаконаплю,иктебедоплыву,долечу,доеду","[12, 19, 21, 25, 28, 37]","По-по-понако наплю,и кт ебед опл ыву,долеч у,доеду"
769,"Рядомстобойпоселюсь,тыбудешьрадатакомусоседу!","[5, 12, 22, 25, 32, 37, 44]","Рядом стобойп оселюсь,ты буд ешьрада таком усоседу !"
770,"МыизРоссиинародпростой,ятесразускажуЗдорово!","[2, 5, 12, 18, 27, 29, 32, 38]","Мы изР оссиина родпро стой,ятес ра зус кажуЗд орово!"
771,"АтыулыбнёшьсяискажешьмнеЯтакждалатебя,Вова!","[1, 4, 15, 17, 25, 28, 30, 34, 40]","А тыу лыбнёшьсяис ка жешьмнеЯ так жд алат ебя,Во ва!"
772,"Ятакждалатебя,Вова!","[1, 6, 11, 17]","Я такжд алате бя,Вов а!"
773,"Втелевизореты,аянадиване","[1, 6, 16, 18, 20]","В телев изореты,ая на ди ване"
774,"ВгородеNзима,","[1, 8]","В городеN зима,"
775,Скоровыходывсеивходызавалит,"[6, 12, 17, 23]",Скоров ыходыв сеивх одызав алит
776,"Нуяпридубезкрика,безшума,","[2, 4, 13, 20]","Ну яп ридубезкр ика,без шума,"
777,"Нунайдукакой-нибудьповод,","[2, 8, 21]","Ну найдук акой-нибудьпо вод,"
778,"СкажуНуздравствуй,Ума,","[5, 17, 20]","Скажу Нуздравствуй ,Ум а,"
779,"ОнаскажетНуздравствуй,Вова.","[3, 10, 22, 25]","Она скажетН уздравствуй, Вов а."
780,Нунадокак-тоотношениязавязывать,"[2, 7, 14, 24]",Ну надок ак-тоот ношениязав язывать
781,ЯскажуНукактытутвообщеживаздорова-то?,"[1, 9, 13, 19, 27]",Я скажуНук акты тутвоо бщеживаз дорова-то?
782,"Онаскажет:'А,вообще,Володька,хреново!'","[3, 11, 15, 23, 33]","Она скажет:' А,во обще,Вол одька,хрен ово!'"
783,Иначнётрассказывать.,"[1, 8]",И начнётр ассказывать.
784,"Вот,-скажет,-вчера,кпримеру,приходилТарнтино","[4, 6, 14, 16, 23, 25, 34, 43]","Вот, -с кажет,-в че ра,кпри ме ру,приход илТарнтин о"
785,"Нажрался,говорит,исталприставатькомне,здоровеннаядетина.","[9, 18, 20, 25, 36, 43]","Нажрался, говорит,и ст алпри ставатькомн е,здоро веннаядетина."
786,ЯтогдаемутакстрогосказалаКвентин!,"[1, 7, 11, 15, 22, 30, 32]",Я тогдае мута кстр огосказ алаКвент ин !
787,"Может,тыконечно,говорит,инезаметил,","[6, 9, 18, 27, 29, 32]","Может, тык онечно,го ворит,ине за мет ил,"
788,"Новообще-тояждуВолодькуизРоссии,","[2, 12, 17, 26, 29]","Но вообще-тоя ждуВо лодькуизР осс ии,"
789,"Атебя,говорит,вообщезаходитьнепросили","[1, 7, 16, 23, 32, 35]","А тебя,г оворит,во общезах одитьнепр оси ли"
790,"Воттакаябатва,прикинь?","[3, 9, 16]","Вот такаяб атва,пр икинь?"
791,Бываетнедосмеха,[6],Бывает недосмеха
792,"Вобщем,былотруднобезтебя,Вован.","[1, 8, 13, 20, 24, 30]","В общем,б ылотр уднобез тебя ,Вован ."
793,"Хорошо,чтоприехал","[7, 11]","Хорошо, чтоп риехал"
794,"Жил-былнасветеАнтонГородецкий,","[3, 5, 9, 12, 23]","Жил -б ылна све теАнтонГоро децкий,"
795,"Бросилажена,онгрустилнепо-детски.","[7, 13, 16, 24]","Бросила жена,о нгр устилнеп о-детски."
796,Пришёлкколдунье:'Ану-канаколдуймне!',"[6, 8, 18, 26, 29, 35]",Пришёл кк олдунье:'А ну-канак олд уймне! '
797,"'Легко,мойхороший,толькохлопнувладоши,","[7, 11, 20, 27, 34]","'Легко, мойх ороший,то лькохло пнувлад оши,"
798,"Иженавернётся,оттогоотвернётся,","[5, 15, 18, 23]","Ижена вернётся,о тто гоотв ернётся,"
799,Ималенькаяжизньвнутринеёоборвётся.',"[3, 11, 17, 24, 28]",Има ленькаяж изньвн утринеё обор вётся.'
800,Новдругналетелинаведьмутени,"[2, 4, 18, 21]",Но вд ругналетелинав едь мутени
801,"Привидений,говорят:'Небыватьпреступленью'","[3, 12, 21, 25, 32]","При видений,г оворят:'Н ебыв атьпрес тупленью'"
802,"Нучтожеты,чтотыпотупилавзор?","[2, 6, 9, 13, 17, 20]","Ну чтож еты ,что тыпо туп илавзор?"
803,"Сдавайся,ведьма–«НочнойДозор».","[9, 16, 18, 26]","Сдавайся, ведьма– «Н очнойДоз ор»."
804,"Итреснулмирнапополам,дымитразлом,","[1, 9, 13, 16, 26, 30, 32]","И треснулм ирна поп олам,дымит разл ом ,"
805,"Ильётсякровь,идётвойнадобрасозлом.","[7, 14, 19, 32]","Ильётся кровь,и дётво йнадобрасозло м."
806,"Имеркнетсвет,вуглахпаукплетётузор,","[4, 9, 15, 17, 27]","Имер кнетс вет,ву гл ахпаукплет ётузор,"
807,Потёмнымулицамлетит«ночнойдозор».,"[5, 9, 16, 22, 30]",Потём ныму лицамле тит«но чнойдозо р».
808,"ИпонялАнтоха,чтопоступилплохо,","[1, 7, 15, 19, 28]","И понялА нтоха,чт опос тупилплох о,"
809,"Ито,чторазвелаегоколдунья,каклоха.","[1, 5, 9, 17, 21, 31]","И то,ч тора звелаего колд унья,какло ха."
810,"Носила«иного»вантоновомвзоре,","[2, 7, 15, 17, 27]","Но сила« иного»ва нт оновомвзор е,"
811,"Азначит,онбудетработатьв«дозоре».","[1, 9, 12, 18, 27, 29]","А значит,о нбу детраб отатьв«до зо ре»."
812,"Годыпрошли,Городецкийнетужит,","[4, 12, 23, 26]","Годы прошли,Г ородецкийне туж ит,"
813,"Водочкуглушит,свампирамидружит.","[8, 16, 21, 28]","Водочкуг лушит,св ампир амидруж ит."
814,Начальникхороший–мудрейшийГесер,"[9, 17, 19, 29]",Начальник хороший– му дрейшийГес ер
815,Былзам.министромinUSSR.,"[3, 17]",Был зам.министромi nUSSR.
816,"Новотвызывают,нужноехатьскорее,","[2, 6, 16, 22, 28]","Но вотв ызывают,ну жноеха тьскор ее,"
817,Вампир-парикмахерсподружкойсвоею,"[12, 18, 20, 30]",Вампир-парик махерс по дружкойсво ею
818,"Влоговоксебезаманилиподростка,","[8, 13, 23]","Влоговок себез аманилипод ростка,"
819,Решилипоужинатьподлоипросто.,"[6, 16, 23]",Решили поужинатьп одлоипр осто.
820,"Антохауспел,завязаласьдрака,","[6, 13, 24]","Антоха успел,з авязаласьдр ака,"
821,"Согромнымтрудом,новсёжубилвурдалака,","[9, 17, 20, 24, 30]","Согромным трудом,н овс ёжуб илвурд алака,"
822,"Ножницамибылтяжелораненвбою,","[9, 13, 20, 26]","Ножницами былт яжелора ненвбо ю,"
823,"Присмертибыл,можносказатьнакраю.","[3, 10, 15, 21, 29]","При смертиб ыл,мо жноска затьнакр аю."
824,"НодобрыйГесереговылечилбыстро,","[2, 9, 18, 26]","Но добрыйГ есереговы лечилбыс тро,"
825,"Ещебы,абыкогонеберутвзамминистры.","[3, 7, 15, 18, 24, 26]","Еще бы,а быкогоне бер утвзам ми нистры."
826,"Адальше-бедазабедой,какпонотам:","[1, 8, 22, 26]","А дальше- бедазабедой,ка кпон отам:"
827,"Вороназалетелавтурбинусамолёта,","[6, 11, 16, 18, 26]","Ворона залет елавт ур бинусамо лёта,"
828,"Натеплоцентраличего-товзорвалось,","[2, 24]","На теплоцентраличего-товз орвалось,"
829,"АСветавиновнавовсёмоказалась,","[1, 6, 13, 15, 18, 24]","А Света виновна во всё моказа лась,"
830,"Но,встретивкрасавцаАнтона,влюбилась,","[3, 13, 22, 30]","Но, встретивкр асавцаАнт она,влюб илась,"
831,Иразрушениеостановилось.,"[1, 12]",И разрушениео становилось.
832,НозлойЗавулониз«дозорадневного»,"[2, 8, 15, 18, 27]",Но злойЗа вулониз «до зорадневн ого»
833,СделализсынаАнтона«иного».,"[5, 9, 14, 21]",Сдела лизс ынаАн тона«ин ого».
834,Икаксэтимсправитсянашгерой?,"[1, 5, 11, 21, 24]",И какс этимсп равитсянаш гер ой?
835,Всенапросмотркартинывторой!,"[3, 6, 15, 23]",Все нап росмотрка ртинывто рой!
836,"Вгазетахписали,чтотыуезжаешь,","[1, 6, 10, 18, 22, 24]","В газет ахпи сали,что тыуе зж аешь,"
837,"Чторейснеотменят,чторейснеотложат.","[3, 8, 11, 20, 24, 29, 32]","Что рейсн еот менят,что рейс неотл ожа т."
838,"Какие-толюдитебяокружают,","[8, 13, 18]","Какие-то людит ебяок ружают,"
839,"Аближе,чембыли-уженевозможно.","[1, 8, 12, 17, 19, 23]","А ближе,ч ембы ли-уж ен евоз можно."
840,"Вкрасивыхжурналахсчитаютпунктиры,","[1, 10, 19, 27]","В красивыхж урналахсч итаютпун ктиры,"
841,Ая-доквартирывечернеесальто.,"[1, 3, 8, 16, 25]",А я- доква ртирывеч ернеесаль то.
842,"Икривятсягубы,икофепротивен,","[1, 10, 16, 18, 23]","И кривятсяг убы,ик оф епрот ивен,"
843,"Иновоеутро,иновое'неттебя...'","[1, 7, 13, 15, 21, 26]","И новоеу тро,ин ов ое'нет тебя. ..'"
844,Япоасфальтушагаю,"[1, 5, 13]",Я поас фальтуша гаю
845,"Стем,когосберечьнесмогу.","[1, 6, 11, 19, 22]","С тем,к огосб еречьнес мог у."
846,"Доостановкитрамвая,","[2, 12]","До остановкит рамвая,"
847,Звенящегонабегу.,"[9, 12]",Звенящего наб егу.
848,"Вгазетахписали,чтоты-идиотка,","[1, 6, 10, 18, 22, 27]","В газет ахпи сали,что ты-и диотк а,"
849,Вовсёмвиноватапроклятаяводка.,"[2, 7, 16, 25]",Во всёмв иноватапр оклятаяво дка.
850,"Ругаешьсяматом,ипесеннепишешь,","[9, 16, 18, 24, 27]","Ругаешься матом,и пе сеннеп ише шь,"
851,"Тебяокружаютнелюди,амыши.","[4, 13, 16, 22, 24]","Тебя окружаютн елю ди,амы ши ."
852,Такоеневыдуматьдаженарошно.,"[5, 8, 17, 22]",Такое нев ыдуматьда женар ошно.
853,"Аякаждыйвечерползудоквартиры,","[1, 3, 10, 16, 20, 26]","А як аждыйве черпол зудо кварти ры,"
854,"Иближе,чембыли-уженевозможно.","[1, 8, 12, 17, 19, 23]","И ближе,ч ембы ли-уж ен евоз можно."
855,"Измученныйдорогой,явыбилсяизсил.","[10, 19, 21, 29]","Измученный дорогой,я вы билсяизс ил."
856,Ивдомелесникаяночлегапопросил.,"[1, 3, 10, 25]",И вд омелесн икаяночлегапопр осил.
857,Сулыбкойдобродушнойстарикменявпустил.,"[8, 20, 27, 32]",Сулыбкой добродушнойс тарикме нявпу стил.
858,Ижестомдружелюбнымнаужинпригласил.,"[7, 13, 20, 23, 28]",Ижестом дружел юбнымна ужи нприг ласил.
859,"Будькакдома,путник,янивчёмнеоткажу,","[8, 14, 22, 24, 28, 32]","Будькакд ома,пу тник,яни вч ёмне отка жу,"
860,"Янивчемнеоткажу,янивчёмнеоткажу!","[1, 4, 9, 12, 20, 22, 25, 26, 30]","Я нив чемне отк ажу,янив чё мне о ткаж у!"
861,"Множествоисторий,кольжелаешь,расскажу,","[9, 11, 19, 24, 33]","Множество ис торий,ко льжел аешь,расс кажу,"
862,"Кольжелаешь,расскажу,","[4, 13]","Коль желаешь,р асскажу,"
863,"Кольжелаешь,расскажу!","[4, 13]","Коль желаешь,р асскажу!"
864,"Наулицетемнело,сиделязастолом.","[2, 8, 17, 24, 27]","На улицет емнело,си делязас тол ом."
865,"Лесниксиделнапротив,болталотом,осём.","[6, 12, 15, 23, 31]","Лесник сиделн апр отив,бол талотом, осём."
866,"Чтонетсредиживотныхустарикаврагов,","[3, 7, 13, 22, 31]","Что нетс редижи вотныхуст арикавраг ов,"
867,Чтонравитсяемуподкармливатьволков.,"[3, 12, 16, 20, 31]",Что нравитсяе мупо дкар мливатьволк ов.
868,Иволкисрединочизавылиподокном.,"[1, 7, 13, 20, 25]",И волкис редино чизавыл иподо кном.
869,Старикзаулыбалсяивдругпокинулдом.,"[6, 17, 19, 25]",Старик заулыбалсяи вд ругпок инулдом.
870,Новскоревозвратилсясружьёмнаперевес:,"[8, 20, 22, 29, 32]",Новскоре возвратилсяс ру жьёмнап ере вес:
871,"'Друзьяхотятпокушать,пойдём,приятель,влес!'","[7, 13, 23, 27, 32, 42]","'Друзья хотятп окушать,по йдём ,прия тель,влес! '"
872,Яшёлксебедомой,"[4, 6, 11]",Яшёл кс ебедо мой
873,Яшёлпомокрымлужам,"[1, 5, 8, 15]",Я шёлп омо крымлуж ам
874,Поскользкоймостовой,"[8, 12]",Поскольз койм остовой
875,Ногамиснегутюжил,"[6, 13]",Ногами снегутю жил
876,Амокрыйснегпадал,"[1, 9, 13]",А мокрыйсн егпа дал
877,Аяшёлдомой,"[1, 3, 7]",А яш ёлдо мой
878,Позимнемусаду,[],Позимнемусаду
879,Попустоймостовой,[2],По пустоймостовой
880,Оншёлсомнойрядом,"[2, 6, 13]",Он шёлс омнойря дом
881,Шпионилзамной,"[7, 10]",Шпионил зам ной
882,Следилзамнойвзглядом,"[6, 9, 14]",Следил зам нойвз глядом
883,Бесшумныйконвой,[9],Бесшумный конвой
884,Ивотястою,"[1, 5]",И вотя стою
885,Накраюснегопада,"[2, 7, 9, 14]",На краюс не гопад а
886,Снебападаетснег,"[1, 4, 13, 15]",С неб ападаетсн ег
887,Значитнебутакнадо,"[6, 9]",Значит неб утакнадо
888,Вэтотрудноповерить,"[1, 6, 12]",В этотр уднопо верить
889,Явернулсядомой,"[1, 10]",Я вернулсяд омой
890,Тыоткрыламнедвери,"[2, 11]",Ты открыламн едвери
891,Снегвошёлвследзамной,"[1, 5, 11]",С негв ошёлвс ледзамной
892,Ивдругснеграстаял,"[1, 3, 8, 9, 15]",И вд ругсн е граста ял
893,Увиделтебя,[6],Увидел тебя
894,Напорогеостались,"[2, 9]",На порогео стались
895,Толькокаплидождя,"[6, 12]",Только каплид ождя
896,Насуноситрека,"[2, 10]",На суноситр ека
897,Плавныхвёселволнами,"[7, 13]",Плавных вёселв олнами
898,Словнокто-тооткрыл,"[6, 13]",Словно кто-тоо ткрыл
899,Всенебесныекраны,"[3, 12]",Все небесныек раны
900,Мыстоимнакраю,"[2, 8]",Мы стоимн акраю
901,Накраюводопада,"[2, 7]",На краюв одопада
902,Снебальётсявода,[12],Снебальётсяв ода
903,Заморямиестьлимоновыйсад,"[2, 9, 14, 19]",За морямие стьли монов ыйсад
904,Янайдулимонибудурад,"[1, 10, 15]",Я найдулимо нибуд урад
905,Нотебенедамнесмейменявинить,"[2, 7, 14]",Но тебен едамнес мейменявинить
906,Посмотритедочегоонхорош,"[10, 17, 20]",Посмотрите дочегоо нхо рош
907,Нонадорогетыегоненайдешь,"[2, 7, 14, 18, 21]",Но надор огетыег онен айд ешь
908,Попробуйсделайсамнебудуятебяучить,"[8, 9, 22, 28, 29, 33]",Попробуй с делайсамнебуд уятебя у чить
909,Растутлимонынавысокихгорах,"[6, 9, 14, 17, 25]",Растут лим онына выс окихгора х
910,Накрутыхберегахдлякрутых,"[2, 9, 17, 21]",На крутыхб ерегахдл якру тых
911,Корочетынедостанешь,[8],Корочеты недостанешь
912,Явижуцельязалимономдотянутьсяхочу,"[1, 6, 12, 23]",Я вижуц ельяза лимономдотя нутьсяхочу
913,Язалимономлечуикрутизнойнаслаждаюсь,"[1, 16, 18, 23, 29]",Я залимономлечуик ру тизно йнасла ждаюсь
914,СтранаЛимониястранабеззабот,"[6, 14, 21, 25]",Страна Лимонияс транабе ззаб от
915,ВстрануЛимониюведетподземныйход,"[1, 8, 16, 22]",В странуЛ имониюве детпод земныйход
916,Найтипопробуйсамнебудуятебяучить,"[5, 18, 21, 27, 32]",Найти попробуйсамне буд уятебя учить
917,Труднадорогаиповсюдуобман,"[4, 8, 15, 17]",Труд надо рогаипо вс юдуобман
918,Ночтобнесбитьсяуменяестьплан,"[2, 6, 10, 18, 20, 25]",Но чтоб несб итьсяуме ня естьп лан
919,Ноятебенедамнесмейменявинить,"[2, 4, 9, 18, 23]",Но ят ебене дамнесмей меняв инить
920,СтрануЛимониюищусдавнихпор,"[6, 14, 18]",Страну Лимониюи щусд авнихпор
921,Мненадоелвечнозеленыйпомидор,"[3, 10, 23]",Мне надоелв ечнозеленыйпо мидор
922,Еготыкушайсамнесмейегосомнойделить,"[3, 11, 15, 18, 23, 27]",Его тыкушайс амне сме йегос омно йделить
923,Несмейегосомнойделить,"[6, 10, 17]",Несмей егос омнойде лить
924,"Выйдунаулицу-солнцанема,","[5, 8, 14, 16, 23]","Выйду нау лицу-с ол нцанема ,"
925,Парнимолодыесвелименясума.,"[4, 6, 12, 14, 20, 25]",Парн им олодые св елимен ясума .
926,"Выйдунаулицу,глянунасело,-","[5, 8, 15, 21]","Выйду нау лицу,гл янунас ело,-"
927,"Девкигуляют,имневесело.","[5, 13, 16, 19]","Девки гуляют,и мне вес ело."
928,"Матушкародная,водицымнедай,","[7, 15, 22, 26]","Матушка родная,в одицымн едай ,"
929,Сердцемоетакикидаетвжар.,"[9, 14, 21, 23]",Сердцемое такик идаетвж ар .
930,"Раньшеягулялавзеленомсаду,","[6, 8, 15, 17, 25]","Раньше яг улялавз ел еномсаду ,"
931,Думаланаулицувекнепойду.,"[6, 9, 15, 19, 22]",Думала нау лицуве кнеп ойд у.
932,Атеперьподвечеражпяткигорят-,"[1, 8, 20, 26]",А теперьп одвечеражпят кигоря т-
933,Ноженькирезвыевпляскухотят.,"[2, 9, 24]",Но женькир езвыевпляскухот ят.
934,"Япойдунаулицу,кдевкампойду,","[1, 7, 10, 17, 19, 26]","Я пойдун аул ицу,кде вк ампойду ,"
935,Голосомзвонкимяимподпою.,"[7, 15, 19, 23]",Голосом звонкимя импо дпою .
936,"Матушка,слышишь,соловушекпоет,","[8, 17, 27]","Матушка, слышишь,с оловушекпо ет,"
937,"Атам,подгорою,пляскаидет-","[1, 6, 16, 23]","А там,п одгорою,пл яскаиде т-"
938,"Девкиголосистыезвонкопоют,","[5, 16]","Девки голосистыез вонкопоют,"
939,Мнедамолоденькойспатьнедают.,"[3, 24]",Мне дамолоденькойспатьнед ают.
940,"Теплоеместо,ноулицыждут","[2, 14, 17]","Те плоеместо,но ули цыждут"
941,Отпечатковнашихног.,"[10, 16]",Отпечатков нашихн ог.
942,Звезднаяпыль-насапогах.,[8],Звездная пыль-насапогах.
943,"Мягкоекресло,клетчатыйплед,","[6, 14, 23, 25]","Мягкое кресло,к летчатыйп ле д,"
944,Ненажатыйвовремякурок.,"[2, 10, 13, 19]",Не нажатыйв овр емякур ок.
945,Солнечныйдень-вослепительныхснах.,"[9, 14, 16, 22, 32]",Солнечный день- во слепит ельныхснах .
946,"Группакрови-нарукаве,","[6, 13, 14]","Группа крови-н а рукаве,"
947,"Мойпорядковыйномер-нарукаве,","[3, 14, 20, 22, 25]","Мой порядковыйн омер-н ар ука ве,"
948,"Пожелаймнеудачивбою,пожелаймне:","[2, 9, 12, 18, 20, 25]","По желаймн еуд ачивбо ю, пожел аймне:"
949,"Неостатьсявэтойтраве,","[2, 11, 13, 18]","Не остатьсяв эт ойтра ве,"
950,Неостатьсявэтойтраве.,"[2, 11, 13, 18]",Не остатьсяв эт ойтра ве.
951,"Пожелаймнеудачи,пожелаймнеудачи!","[2, 9, 12, 19, 26, 29]","По желаймн еуд ачи,пож елаймне уда чи!"
952,"Иестьчемплатить,ноянехочу","[1, 6, 10, 19, 22, 24]","И естьч емпл атить,ноя нех оч у"
953,Победылюбойценой.,"[6, 12]",Победы любойц еной.
954,Яникомунехочуставитьногунагрудь.,"[1, 8, 11, 16, 24, 29]",Я никомун ехо чуста витьногу нагру дь.
955,"Яхотелбыостатьсястобой,","[1, 7, 10, 19]","Я хотелб ыос татьсясто бой,"
956,"Простоостатьсястобой,","[6, 15]","Просто остатьсяс тобой,"
957,Новысокаявнебезвездазоветменявпуть.,"[2, 10, 12, 23, 29]",Но высокаяв не безвездазов етменя впуть.
958,"Ночькоротка,цельдалека,","[4, 13, 18]","Ночь коротка,ц ельда лека,"
959,"Ночьютакчастохочетсяпить,","[5, 9, 15, 23]","Ночью такч астохо четсяпит ь,"
960,"Тывыходишьнакухню,","[2, 11, 14]","Ты выходишьн аку хню,"
961,"Новодаздесьгорька,","[6, 12]","Новода здесьг орька,"
962,"Тынеможешьздесьспать,","[2, 5, 12, 18]","Ты нем ожешьзд есьспа ть,"
963,Тынехочешьздесьжить.,"[2, 5, 12, 18]",Ты нех очешьзд есьжит ь.
964,"Доброеутро,последнийгерой!","[6, 12, 22]","Доброе утро,п оследнийге рой!"
965,"Доброеутротебеитаким,какты,","[6, 11, 18, 25]","Доброе утрот ебеитак им,какт ы,"
966,"Доброеутро,последнийгерой.","[6, 12, 22]","Доброе утро,п оследнийге рой."
967,"Здравствуй,последнийгерой!","[11, 21]","Здравствуй, последнийг ерой!"
968,"Тыхотелбытьодин,этобыстропрошло,","[2, 8, 13, 19, 23, 30]","Ты хотелб ытьод ин,это быст ропрошл о,"
969,"Тыхотелбытьодин,нонесмогбытьодин,","[2, 8, 13, 19, 22, 25, 30]","Ты хотелб ытьод ин,нон есм огб ытьод ин,"
970,"Твояношалегка,нонемеетрука,","[3, 5, 11, 17, 20, 23]","Тво ян ошалег ка,нон еме етр ука,"
971,Итывстречаешьрассветзаигройвдурака.,"[1, 4, 12, 16, 24, 27, 33]",И тыв стречаеш ьрас светзаиг рой вдурак а.
972,"Утромтыстремишьсяскорееуйти,","[5, 18, 25]","Утром тыстремишьсяс корееуй ти,"
973,"Телефонныйзвонок,каккоманда'Вперед!'","[10, 18, 22, 30]","Телефонный звонок,к акко манда'Вп еред!'"
974,"Тыуходишьтуда,куданехочешьидти,","[2, 10, 16, 21, 24]","Ты уходишьт уда,ку данех оче шьидти,"
975,"Тыуходишьтуда,нотебятамниктонеждет!","[2, 10, 16, 19, 24, 28, 34]","Ты уходишьт уда,но теб ятамн икто неждет !"
976,Яидупоулицевзеленомпиджаке.,"[1, 5, 8, 14, 16, 24]",Я идуп оул ицевзе ле номпиджа ке.
977,Мненравятсямоиботинки.,"[3, 12, 16]",Мне нравятсям оибо тинки.
978,Аещекрасивыйгалстукуменя.,"[1, 5, 11, 18]",А ещек расивы йгалсту куменя.
979,"Ягладилбрюкидвачаса,","[1, 8, 14, 18]","Я гладилб рюкидв ачас а,"
980,Впарикмахерскойсиделсутра.,"[1, 7, 17, 23]",В парикм ахерскойси делсут ра.
981,"Ивотидуяпоулице,одиня.","[1, 10, 13, 20]","И вотидуяпо ули це,один я."
982,Поулицеидуя.,"[2, 8]",По улицеи дуя.
983,Поулицеодин.,"[2, 8]",По улицео дин.
984,Умоегоприятеляестьновыепластинки.,"[1, 7, 16, 21, 27]",У моегоп риятеляес тьнов ыеплас тинки.
985,Иязайдувкафеивыпьючашкукофе.,"[1, 3, 9, 11, 17, 18]",И яз айдувк аф еивыпь ю чашкукофе.
986,Апотомпойдукнему.,"[1, 7, 13, 15]",А потомп ойдукн ем у.
987,ИвзеркалахвитринятакпохожнаБодиХоли.,"[1, 3, 12]",И вз еркалахви тринятакпохожнаБодиХоли.
988,Папаскородастсвоюмашинупокататьсямне.,"[5, 14, 19, 26]",Папас кородастс воюма шинупок ататьсямне.
989,Идуя.,[1],И дуя.
990,Поулицеодиня.,"[2, 8]",По улицео диня.
991,Идуяпоулицеодин.,"[4, 7, 13]",Идуя поу лицеод ин.
992,Весна-постоянныйнасморк.,"[3, 17, 20]",Вес на-постоянныйн асм орк.
993,Весна-солнцесветитопять.,"[3, 7, 14, 21]",Вес на-с олнцесв етитопя ть.
994,Ияпромочилноги.,"[1, 3, 12]",И яп ромочилно ги.
995,Весна-ияопятьидугулять.,"[3, 7, 9, 11, 17]",Вес на-и яо пя тьидуг улять.
996,Весна-янемогуусидетьдома.,"[5, 8, 11, 16, 24]",Весна -ян емо гууси детьдома .
997,Весна-ялюблювесну.,"[3, 6, 9, 15]",Вес на- ялю блювес ну.
998,Очемпоютвмоемдворекошки?,"[1, 5, 10, 12, 17]",О чемп оютвм ое мдвор екошки?
999,"Нет-нет-нет-нет,","[3, 5, 9, 11, 15]","Нет -н ет-н ет -нет ,"
1000,Янеусну.,"[1, 4]",Я неу сну.
1001,Весна-яуженегреюпио.,"[3, 6, 8, 12, 15]",Вес на- яу жене гре юпио.
1002,Весна-скоровырастеттрава.,"[5, 7, 15, 22]",Весна -с коровыра стеттра ва.
1003,"Весна-выпосмотрите,каккрасиво.","[3, 6, 8, 22, 26]","Вес на- вы посмотрите,как крас иво."
1004,Весна-гдемояголова?,"[3, 7, 11, 15]",Вес на-г демо ягол ова?
